transaction_id,expected_status,affected_system
TX000051,AMOUNT_MISMATCH,ACCOUNTING
TX000075,AMOUNT_MISMATCH,ACCOUNTING
TX000143,AMOUNT_MISMATCH,ACCOUNTING
TX000158,AMOUNT_MISMATCH,ACCOUNTING
TX000195,AMOUNT_MISMATCH,ACCOUNTING
TX000245,AMOUNT_MISMATCH,ACCOUNTING
TX000292,AMOUNT_MISMATCH,ACCOUNTING
TX000375,AMOUNT_MISMATCH,ACCOUNTING
TX000399,AMOUNT_MISMATCH,ACCOUNTING
TX000422,AMOUNT_MISMATCH,ACCOUNTING
TX000478,AMOUNT_MISMATCH,ACCOUNTING
TX000715,AMOUNT_MISMATCH,ACCOUNTING
TX000736,AMOUNT_MISMATCH,ACCOUNTING
TX000759,AMOUNT_MISMATCH,ACCOUNTING
TX000762,AMOUNT_MISMATCH,ACCOUNTING
TX000798,AMOUNT_MISMATCH,ACCOUNTING
TX000847,AMOUNT_MISMATCH,ACCOUNTING
TX000932,AMOUNT_MISMATCH,ACCOUNTING
TX000979,AMOUNT_MISMATCH,ACCOUNTING
TX001100,AMOUNT_MISMATCH,ACCOUNTING
TX001123,AMOUNT_MISMATCH,ACCOUNTING
TX001172,AMOUNT_MISMATCH,ACCOUNTING
TX001237,AMOUNT_MISMATCH,ACCOUNTING
TX001268,AMOUNT_MISMATCH,ACCOUNTING
TX001355,AMOUNT_MISMATCH,ACCOUNTING
TX001379,AMOUNT_MISMATCH,ACCOUNTING
TX001410,AMOUNT_MISMATCH,ACCOUNTING
TX001500,AMOUNT_MISMATCH,ACCOUNTING
TX001604,AMOUNT_MISMATCH,ACCOUNTING
TX001608,AMOUNT_MISMATCH,ACCOUNTING
TX001657,AMOUNT_MISMATCH,ACCOUNTING
TX001703,AMOUNT_MISMATCH,ACCOUNTING
TX001879,AMOUNT_MISMATCH,ACCOUNTING
TX001909,AMOUNT_MISMATCH,ACCOUNTING
TX001980,AMOUNT_MISMATCH,ACCOUNTING
TX002151,AMOUNT_MISMATCH,ACCOUNTING
TX002160,AMOUNT_MISMATCH,ACCOUNTING
TX002216,AMOUNT_MISMATCH,ACCOUNTING
TX002227,AMOUNT_MISMATCH,ACCOUNTING
TX002366,AMOUNT_MISMATCH,ACCOUNTING
TX002458,AMOUNT_MISMATCH,ACCOUNTING
TX002527,AMOUNT_MISMATCH,ACCOUNTING
TX002592,AMOUNT_MISMATCH,ACCOUNTING
TX002654,AMOUNT_MISMATCH,ACCOUNTING
TX002860,AMOUNT_MISMATCH,ACCOUNTING
TX002958,AMOUNT_MISMATCH,ACCOUNTING
TX003194,AMOUNT_MISMATCH,ACCOUNTING
TX003262,AMOUNT_MISMATCH,ACCOUNTING
TX003353,AMOUNT_MISMATCH,ACCOUNTING
TX003379,AMOUNT_MISMATCH,ACCOUNTING
TX003380,AMOUNT_MISMATCH,ACCOUNTING
TX003479,AMOUNT_MISMATCH,ACCOUNTING
TX003518,AMOUNT_MISMATCH,ACCOUNTING
TX003531,AMOUNT_MISMATCH,ACCOUNTING
TX003760,AMOUNT_MISMATCH,ACCOUNTING
TX003799,AMOUNT_MISMATCH,ACCOUNTING
TX003814,AMOUNT_MISMATCH,ACCOUNTING
TX003816,AMOUNT_MISMATCH,ACCOUNTING
TX003838,AMOUNT_MISMATCH,ACCOUNTING
TX003847,AMOUNT_MISMATCH,ACCOUNTING
TX003903,AMOUNT_MISMATCH,ACCOUNTING
TX003950,AMOUNT_MISMATCH,ACCOUNTING
TX003962,AMOUNT_MISMATCH,ACCOUNTING
TX003967,AMOUNT_MISMATCH,ACCOUNTING
TX003986,AMOUNT_MISMATCH,ACCOUNTING
TX004111,AMOUNT_MISMATCH,ACCOUNTING
TX004139,AMOUNT_MISMATCH,ACCOUNTING
TX004167,AMOUNT_MISMATCH,ACCOUNTING
TX004355,AMOUNT_MISMATCH,ACCOUNTING
TX004365,AMOUNT_MISMATCH,ACCOUNTING
TX004390,AMOUNT_MISMATCH,ACCOUNTING
TX004535,AMOUNT_MISMATCH,ACCOUNTING
TX004664,AMOUNT_MISMATCH,ACCOUNTING
TX004746,AMOUNT_MISMATCH,ACCOUNTING
TX004957,AMOUNT_MISMATCH,ACCOUNTING
TX004978,AMOUNT_MISMATCH,ACCOUNTING
TX005140,AMOUNT_MISMATCH,ACCOUNTING
TX005283,AMOUNT_MISMATCH,ACCOUNTING
TX005295,AMOUNT_MISMATCH,ACCOUNTING
TX005347,AMOUNT_MISMATCH,ACCOUNTING
TX005365,AMOUNT_MISMATCH,ACCOUNTING
TX005519,AMOUNT_MISMATCH,ACCOUNTING
TX005525,AMOUNT_MISMATCH,ACCOUNTING
TX005717,AMOUNT_MISMATCH,ACCOUNTING
TX005861,AMOUNT_MISMATCH,ACCOUNTING
TX006093,AMOUNT_MISMATCH,ACCOUNTING
TX006185,AMOUNT_MISMATCH,ACCOUNTING
TX006222,AMOUNT_MISMATCH,ACCOUNTING
TX006268,AMOUNT_MISMATCH,ACCOUNTING
TX006308,AMOUNT_MISMATCH,ACCOUNTING
TX006309,AMOUNT_MISMATCH,ACCOUNTING
TX006362,AMOUNT_MISMATCH,ACCOUNTING
TX006418,AMOUNT_MISMATCH,ACCOUNTING
TX006695,AMOUNT_MISMATCH,ACCOUNTING
TX006809,AMOUNT_MISMATCH,ACCOUNTING
TX006814,AMOUNT_MISMATCH,ACCOUNTING
TX007020,AMOUNT_MISMATCH,ACCOUNTING
TX007048,AMOUNT_MISMATCH,ACCOUNTING
TX007075,AMOUNT_MISMATCH,ACCOUNTING
TX007078,AMOUNT_MISMATCH,ACCOUNTING
TX007100,AMOUNT_MISMATCH,ACCOUNTING
TX007175,AMOUNT_MISMATCH,ACCOUNTING
TX007187,AMOUNT_MISMATCH,ACCOUNTING
TX007213,AMOUNT_MISMATCH,ACCOUNTING
TX007313,AMOUNT_MISMATCH,ACCOUNTING
TX007382,AMOUNT_MISMATCH,ACCOUNTING
TX007413,AMOUNT_MISMATCH,ACCOUNTING
TX007501,AMOUNT_MISMATCH,ACCOUNTING
TX007547,AMOUNT_MISMATCH,ACCOUNTING
TX007635,AMOUNT_MISMATCH,ACCOUNTING
TX007659,AMOUNT_MISMATCH,ACCOUNTING
TX007934,AMOUNT_MISMATCH,ACCOUNTING
TX007963,AMOUNT_MISMATCH,ACCOUNTING
TX008090,AMOUNT_MISMATCH,ACCOUNTING
TX008122,AMOUNT_MISMATCH,ACCOUNTING
TX008128,AMOUNT_MISMATCH,ACCOUNTING
TX008146,AMOUNT_MISMATCH,ACCOUNTING
TX008157,AMOUNT_MISMATCH,ACCOUNTING
TX008187,AMOUNT_MISMATCH,ACCOUNTING
TX008193,AMOUNT_MISMATCH,ACCOUNTING
TX008376,AMOUNT_MISMATCH,ACCOUNTING
TX008576,AMOUNT_MISMATCH,ACCOUNTING
TX008652,AMOUNT_MISMATCH,ACCOUNTING
TX008674,AMOUNT_MISMATCH,ACCOUNTING
TX008719,AMOUNT_MISMATCH,ACCOUNTING
TX008800,AMOUNT_MISMATCH,ACCOUNTING
TX008835,AMOUNT_MISMATCH,ACCOUNTING
TX008867,AMOUNT_MISMATCH,ACCOUNTING
TX008889,AMOUNT_MISMATCH,ACCOUNTING
TX008921,AMOUNT_MISMATCH,ACCOUNTING
TX008927,AMOUNT_MISMATCH,ACCOUNTING
TX008946,AMOUNT_MISMATCH,ACCOUNTING
TX009045,AMOUNT_MISMATCH,ACCOUNTING
TX009092,AMOUNT_MISMATCH,ACCOUNTING
TX009098,AMOUNT_MISMATCH,ACCOUNTING
TX009213,AMOUNT_MISMATCH,ACCOUNTING
TX009285,AMOUNT_MISMATCH,ACCOUNTING
TX009344,AMOUNT_MISMATCH,ACCOUNTING
TX009398,AMOUNT_MISMATCH,ACCOUNTING
TX009474,AMOUNT_MISMATCH,ACCOUNTING
TX009575,AMOUNT_MISMATCH,ACCOUNTING
TX009689,AMOUNT_MISMATCH,ACCOUNTING
TX009949,AMOUNT_MISMATCH,ACCOUNTING
TX009976,AMOUNT_MISMATCH,ACCOUNTING
TX010033,AMOUNT_MISMATCH,ACCOUNTING
TX010108,AMOUNT_MISMATCH,ACCOUNTING
TX010276,AMOUNT_MISMATCH,ACCOUNTING
TX010291,AMOUNT_MISMATCH,ACCOUNTING
TX010342,AMOUNT_MISMATCH,ACCOUNTING
TX010418,AMOUNT_MISMATCH,ACCOUNTING
TX010428,AMOUNT_MISMATCH,ACCOUNTING
TX010456,AMOUNT_MISMATCH,ACCOUNTING
TX010512,AMOUNT_MISMATCH,ACCOUNTING
TX010545,AMOUNT_MISMATCH,ACCOUNTING
TX010560,AMOUNT_MISMATCH,ACCOUNTING
TX010592,AMOUNT_MISMATCH,ACCOUNTING
TX010630,AMOUNT_MISMATCH,ACCOUNTING
TX010769,AMOUNT_MISMATCH,ACCOUNTING
TX010827,AMOUNT_MISMATCH,ACCOUNTING
TX010866,AMOUNT_MISMATCH,ACCOUNTING
TX010878,AMOUNT_MISMATCH,ACCOUNTING
TX010891,AMOUNT_MISMATCH,ACCOUNTING
TX010913,AMOUNT_MISMATCH,ACCOUNTING
TX010972,AMOUNT_MISMATCH,ACCOUNTING
TX011004,AMOUNT_MISMATCH,ACCOUNTING
TX011269,AMOUNT_MISMATCH,ACCOUNTING
TX011315,AMOUNT_MISMATCH,ACCOUNTING
TX011319,AMOUNT_MISMATCH,ACCOUNTING
TX011339,AMOUNT_MISMATCH,ACCOUNTING
TX011383,AMOUNT_MISMATCH,ACCOUNTING
TX011409,AMOUNT_MISMATCH,ACCOUNTING
TX011426,AMOUNT_MISMATCH,ACCOUNTING
TX011442,AMOUNT_MISMATCH,ACCOUNTING
TX011597,AMOUNT_MISMATCH,ACCOUNTING
TX011630,AMOUNT_MISMATCH,ACCOUNTING
TX011750,AMOUNT_MISMATCH,ACCOUNTING
TX011895,AMOUNT_MISMATCH,ACCOUNTING
TX011899,AMOUNT_MISMATCH,ACCOUNTING
TX012072,AMOUNT_MISMATCH,ACCOUNTING
TX012080,AMOUNT_MISMATCH,ACCOUNTING
TX012083,AMOUNT_MISMATCH,ACCOUNTING
TX012147,AMOUNT_MISMATCH,ACCOUNTING
TX012298,AMOUNT_MISMATCH,ACCOUNTING
TX012307,AMOUNT_MISMATCH,ACCOUNTING
TX012374,AMOUNT_MISMATCH,ACCOUNTING
TX012403,AMOUNT_MISMATCH,ACCOUNTING
TX012578,AMOUNT_MISMATCH,ACCOUNTING
TX012658,AMOUNT_MISMATCH,ACCOUNTING
TX012680,AMOUNT_MISMATCH,ACCOUNTING
TX012683,AMOUNT_MISMATCH,ACCOUNTING
TX012725,AMOUNT_MISMATCH,ACCOUNTING
TX012956,AMOUNT_MISMATCH,ACCOUNTING
TX012964,AMOUNT_MISMATCH,ACCOUNTING
TX012991,AMOUNT_MISMATCH,ACCOUNTING
TX013036,AMOUNT_MISMATCH,ACCOUNTING
TX013048,AMOUNT_MISMATCH,ACCOUNTING
TX013113,AMOUNT_MISMATCH,ACCOUNTING
TX013137,AMOUNT_MISMATCH,ACCOUNTING
TX013139,AMOUNT_MISMATCH,ACCOUNTING
TX013150,AMOUNT_MISMATCH,ACCOUNTING
TX013157,AMOUNT_MISMATCH,ACCOUNTING
TX013227,AMOUNT_MISMATCH,ACCOUNTING
TX013303,AMOUNT_MISMATCH,ACCOUNTING
TX013325,AMOUNT_MISMATCH,ACCOUNTING
TX013387,AMOUNT_MISMATCH,ACCOUNTING
TX013455,AMOUNT_MISMATCH,ACCOUNTING
TX013482,AMOUNT_MISMATCH,ACCOUNTING
TX013495,AMOUNT_MISMATCH,ACCOUNTING
TX013640,AMOUNT_MISMATCH,ACCOUNTING
TX013671,AMOUNT_MISMATCH,ACCOUNTING
TX013719,AMOUNT_MISMATCH,ACCOUNTING
TX013787,AMOUNT_MISMATCH,ACCOUNTING
TX013813,AMOUNT_MISMATCH,ACCOUNTING
TX013838,AMOUNT_MISMATCH,ACCOUNTING
TX013845,AMOUNT_MISMATCH,ACCOUNTING
TX013898,AMOUNT_MISMATCH,ACCOUNTING
TX013903,AMOUNT_MISMATCH,ACCOUNTING
TX013952,AMOUNT_MISMATCH,ACCOUNTING
TX013997,AMOUNT_MISMATCH,ACCOUNTING
TX014075,AMOUNT_MISMATCH,ACCOUNTING
TX014115,AMOUNT_MISMATCH,ACCOUNTING
TX014499,AMOUNT_MISMATCH,ACCOUNTING
TX014520,AMOUNT_MISMATCH,ACCOUNTING
TX014576,AMOUNT_MISMATCH,ACCOUNTING
TX014578,AMOUNT_MISMATCH,ACCOUNTING
TX014613,AMOUNT_MISMATCH,ACCOUNTING
TX014628,AMOUNT_MISMATCH,ACCOUNTING
TX014786,AMOUNT_MISMATCH,ACCOUNTING
TX014816,AMOUNT_MISMATCH,ACCOUNTING
TX014977,AMOUNT_MISMATCH,ACCOUNTING
TX015057,AMOUNT_MISMATCH,ACCOUNTING
TX015346,AMOUNT_MISMATCH,ACCOUNTING
TX015395,AMOUNT_MISMATCH,ACCOUNTING
TX015447,AMOUNT_MISMATCH,ACCOUNTING
TX015564,AMOUNT_MISMATCH,ACCOUNTING
TX015581,AMOUNT_MISMATCH,ACCOUNTING
TX015640,AMOUNT_MISMATCH,ACCOUNTING
TX015767,AMOUNT_MISMATCH,ACCOUNTING
TX015777,AMOUNT_MISMATCH,ACCOUNTING
TX015795,AMOUNT_MISMATCH,ACCOUNTING
TX016039,AMOUNT_MISMATCH,ACCOUNTING
TX016138,AMOUNT_MISMATCH,ACCOUNTING
TX016166,AMOUNT_MISMATCH,ACCOUNTING
TX016274,AMOUNT_MISMATCH,ACCOUNTING
TX016451,AMOUNT_MISMATCH,ACCOUNTING
TX016549,AMOUNT_MISMATCH,ACCOUNTING
TX016644,AMOUNT_MISMATCH,ACCOUNTING
TX016657,AMOUNT_MISMATCH,ACCOUNTING
TX016700,AMOUNT_MISMATCH,ACCOUNTING
TX016701,AMOUNT_MISMATCH,ACCOUNTING
TX016813,AMOUNT_MISMATCH,ACCOUNTING
TX016817,AMOUNT_MISMATCH,ACCOUNTING
TX016862,AMOUNT_MISMATCH,ACCOUNTING
TX016891,AMOUNT_MISMATCH,ACCOUNTING
TX016993,AMOUNT_MISMATCH,ACCOUNTING
TX017151,AMOUNT_MISMATCH,ACCOUNTING
TX017321,AMOUNT_MISMATCH,ACCOUNTING
TX017537,AMOUNT_MISMATCH,ACCOUNTING
TX017561,AMOUNT_MISMATCH,ACCOUNTING
TX017633,AMOUNT_MISMATCH,ACCOUNTING
TX017793,AMOUNT_MISMATCH,ACCOUNTING
TX017842,AMOUNT_MISMATCH,ACCOUNTING
TX017858,AMOUNT_MISMATCH,ACCOUNTING
TX017907,AMOUNT_MISMATCH,ACCOUNTING
TX018098,AMOUNT_MISMATCH,ACCOUNTING
TX018147,AMOUNT_MISMATCH,ACCOUNTING
TX018172,AMOUNT_MISMATCH,ACCOUNTING
TX018264,AMOUNT_MISMATCH,ACCOUNTING
TX018359,AMOUNT_MISMATCH,ACCOUNTING
TX018417,AMOUNT_MISMATCH,ACCOUNTING
TX018430,AMOUNT_MISMATCH,ACCOUNTING
TX018473,AMOUNT_MISMATCH,ACCOUNTING
TX018560,AMOUNT_MISMATCH,ACCOUNTING
TX018680,AMOUNT_MISMATCH,ACCOUNTING
TX018763,AMOUNT_MISMATCH,ACCOUNTING
TX018767,AMOUNT_MISMATCH,ACCOUNTING
TX018787,AMOUNT_MISMATCH,ACCOUNTING
TX018828,AMOUNT_MISMATCH,ACCOUNTING
TX019051,AMOUNT_MISMATCH,ACCOUNTING
TX019071,AMOUNT_MISMATCH,ACCOUNTING
TX019078,AMOUNT_MISMATCH,ACCOUNTING
TX019208,AMOUNT_MISMATCH,ACCOUNTING
TX019222,AMOUNT_MISMATCH,ACCOUNTING
TX019460,AMOUNT_MISMATCH,ACCOUNTING
TX019553,AMOUNT_MISMATCH,ACCOUNTING
TX019562,AMOUNT_MISMATCH,ACCOUNTING
TX019582,AMOUNT_MISMATCH,ACCOUNTING
TX019900,AMOUNT_MISMATCH,ACCOUNTING
TX020104,AMOUNT_MISMATCH,ACCOUNTING
TX020200,AMOUNT_MISMATCH,ACCOUNTING
TX020204,AMOUNT_MISMATCH,ACCOUNTING
TX020206,AMOUNT_MISMATCH,ACCOUNTING
TX020274,AMOUNT_MISMATCH,ACCOUNTING
TX020276,AMOUNT_MISMATCH,ACCOUNTING
TX020319,AMOUNT_MISMATCH,ACCOUNTING
TX020362,AMOUNT_MISMATCH,ACCOUNTING
TX020387,AMOUNT_MISMATCH,ACCOUNTING
TX020442,AMOUNT_MISMATCH,ACCOUNTING
TX020519,AMOUNT_MISMATCH,ACCOUNTING
TX020520,AMOUNT_MISMATCH,ACCOUNTING
TX020649,AMOUNT_MISMATCH,ACCOUNTING
TX020789,AMOUNT_MISMATCH,ACCOUNTING
TX020888,AMOUNT_MISMATCH,ACCOUNTING
TX020966,AMOUNT_MISMATCH,ACCOUNTING
TX021003,AMOUNT_MISMATCH,ACCOUNTING
TX021064,AMOUNT_MISMATCH,ACCOUNTING
TX021114,AMOUNT_MISMATCH,ACCOUNTING
TX021157,AMOUNT_MISMATCH,ACCOUNTING
TX021212,AMOUNT_MISMATCH,ACCOUNTING
TX021228,AMOUNT_MISMATCH,ACCOUNTING
TX021235,AMOUNT_MISMATCH,ACCOUNTING
TX021259,AMOUNT_MISMATCH,ACCOUNTING
TX021405,AMOUNT_MISMATCH,ACCOUNTING
TX021454,AMOUNT_MISMATCH,ACCOUNTING
TX021523,AMOUNT_MISMATCH,ACCOUNTING
TX021547,AMOUNT_MISMATCH,ACCOUNTING
TX021622,AMOUNT_MISMATCH,ACCOUNTING
TX021638,AMOUNT_MISMATCH,ACCOUNTING
TX021734,AMOUNT_MISMATCH,ACCOUNTING
TX021736,AMOUNT_MISMATCH,ACCOUNTING
TX021797,AMOUNT_MISMATCH,ACCOUNTING
TX021855,AMOUNT_MISMATCH,ACCOUNTING
TX021926,AMOUNT_MISMATCH,ACCOUNTING
TX021944,AMOUNT_MISMATCH,ACCOUNTING
TX021977,AMOUNT_MISMATCH,ACCOUNTING
TX022080,AMOUNT_MISMATCH,ACCOUNTING
TX022113,AMOUNT_MISMATCH,ACCOUNTING
TX022147,AMOUNT_MISMATCH,ACCOUNTING
TX022166,AMOUNT_MISMATCH,ACCOUNTING
TX022251,AMOUNT_MISMATCH,ACCOUNTING
TX022260,AMOUNT_MISMATCH,ACCOUNTING
TX022266,AMOUNT_MISMATCH,ACCOUNTING
TX022322,AMOUNT_MISMATCH,ACCOUNTING
TX022365,AMOUNT_MISMATCH,ACCOUNTING
TX022592,AMOUNT_MISMATCH,ACCOUNTING
TX022724,AMOUNT_MISMATCH,ACCOUNTING
TX022728,AMOUNT_MISMATCH,ACCOUNTING
TX022750,AMOUNT_MISMATCH,ACCOUNTING
TX022774,AMOUNT_MISMATCH,ACCOUNTING
TX022792,AMOUNT_MISMATCH,ACCOUNTING
TX022851,AMOUNT_MISMATCH,ACCOUNTING
TX022897,AMOUNT_MISMATCH,ACCOUNTING
TX022914,AMOUNT_MISMATCH,ACCOUNTING
TX022960,AMOUNT_MISMATCH,ACCOUNTING
TX022962,AMOUNT_MISMATCH,ACCOUNTING
TX023109,AMOUNT_MISMATCH,ACCOUNTING
TX023128,AMOUNT_MISMATCH,ACCOUNTING
TX023129,AMOUNT_MISMATCH,ACCOUNTING
TX023135,AMOUNT_MISMATCH,ACCOUNTING
TX023202,AMOUNT_MISMATCH,ACCOUNTING
TX023215,AMOUNT_MISMATCH,ACCOUNTING
TX023253,AMOUNT_MISMATCH,ACCOUNTING
TX023273,AMOUNT_MISMATCH,ACCOUNTING
TX023291,AMOUNT_MISMATCH,ACCOUNTING
TX023652,AMOUNT_MISMATCH,ACCOUNTING
TX023801,AMOUNT_MISMATCH,ACCOUNTING
TX023994,AMOUNT_MISMATCH,ACCOUNTING
TX024012,AMOUNT_MISMATCH,ACCOUNTING
TX024152,AMOUNT_MISMATCH,ACCOUNTING
TX024213,AMOUNT_MISMATCH,ACCOUNTING
TX024239,AMOUNT_MISMATCH,ACCOUNTING
TX024357,AMOUNT_MISMATCH,ACCOUNTING
TX024537,AMOUNT_MISMATCH,ACCOUNTING
TX024556,AMOUNT_MISMATCH,ACCOUNTING
TX024564,AMOUNT_MISMATCH,ACCOUNTING
TX024663,AMOUNT_MISMATCH,ACCOUNTING
TX024686,AMOUNT_MISMATCH,ACCOUNTING
TX024862,AMOUNT_MISMATCH,ACCOUNTING
TX024975,AMOUNT_MISMATCH,ACCOUNTING
TX024976,AMOUNT_MISMATCH,ACCOUNTING
TX025056,AMOUNT_MISMATCH,ACCOUNTING
TX025194,AMOUNT_MISMATCH,ACCOUNTING
TX025301,AMOUNT_MISMATCH,ACCOUNTING
TX025392,AMOUNT_MISMATCH,ACCOUNTING
TX025438,AMOUNT_MISMATCH,ACCOUNTING
TX025470,AMOUNT_MISMATCH,ACCOUNTING
TX025482,AMOUNT_MISMATCH,ACCOUNTING
TX025488,AMOUNT_MISMATCH,ACCOUNTING
TX025567,AMOUNT_MISMATCH,ACCOUNTING
TX025638,AMOUNT_MISMATCH,ACCOUNTING
TX025668,AMOUNT_MISMATCH,ACCOUNTING
TX025709,AMOUNT_MISMATCH,ACCOUNTING
TX025834,AMOUNT_MISMATCH,ACCOUNTING
TX025865,AMOUNT_MISMATCH,ACCOUNTING
TX025928,AMOUNT_MISMATCH,ACCOUNTING
TX025964,AMOUNT_MISMATCH,ACCOUNTING
TX026026,AMOUNT_MISMATCH,ACCOUNTING
TX026041,AMOUNT_MISMATCH,ACCOUNTING
TX026043,AMOUNT_MISMATCH,ACCOUNTING
TX026109,AMOUNT_MISMATCH,ACCOUNTING
TX026172,AMOUNT_MISMATCH,ACCOUNTING
TX026188,AMOUNT_MISMATCH,ACCOUNTING
TX026253,AMOUNT_MISMATCH,ACCOUNTING
TX026335,AMOUNT_MISMATCH,ACCOUNTING
TX026359,AMOUNT_MISMATCH,ACCOUNTING
TX026386,AMOUNT_MISMATCH,ACCOUNTING
TX026427,AMOUNT_MISMATCH,ACCOUNTING
TX026802,AMOUNT_MISMATCH,ACCOUNTING
TX026813,AMOUNT_MISMATCH,ACCOUNTING
TX026857,AMOUNT_MISMATCH,ACCOUNTING
TX026895,AMOUNT_MISMATCH,ACCOUNTING
TX026914,AMOUNT_MISMATCH,ACCOUNTING
TX026921,AMOUNT_MISMATCH,ACCOUNTING
TX026927,AMOUNT_MISMATCH,ACCOUNTING
TX026984,AMOUNT_MISMATCH,ACCOUNTING
TX027040,AMOUNT_MISMATCH,ACCOUNTING
TX027083,AMOUNT_MISMATCH,ACCOUNTING
TX027358,AMOUNT_MISMATCH,ACCOUNTING
TX027454,AMOUNT_MISMATCH,ACCOUNTING
TX027482,AMOUNT_MISMATCH,ACCOUNTING
TX027630,AMOUNT_MISMATCH,ACCOUNTING
TX027684,AMOUNT_MISMATCH,ACCOUNTING
TX027831,AMOUNT_MISMATCH,ACCOUNTING
TX027899,AMOUNT_MISMATCH,ACCOUNTING
TX027958,AMOUNT_MISMATCH,ACCOUNTING
TX027980,AMOUNT_MISMATCH,ACCOUNTING
TX028292,AMOUNT_MISMATCH,ACCOUNTING
TX028402,AMOUNT_MISMATCH,ACCOUNTING
TX028446,AMOUNT_MISMATCH,ACCOUNTING
TX028454,AMOUNT_MISMATCH,ACCOUNTING
TX028474,AMOUNT_MISMATCH,ACCOUNTING
TX028610,AMOUNT_MISMATCH,ACCOUNTING
TX028621,AMOUNT_MISMATCH,ACCOUNTING
TX028757,AMOUNT_MISMATCH,ACCOUNTING
TX028803,AMOUNT_MISMATCH,ACCOUNTING
TX028830,AMOUNT_MISMATCH,ACCOUNTING
TX028924,AMOUNT_MISMATCH,ACCOUNTING
TX028926,AMOUNT_MISMATCH,ACCOUNTING
TX028981,AMOUNT_MISMATCH,ACCOUNTING
TX029090,AMOUNT_MISMATCH,ACCOUNTING
TX029235,AMOUNT_MISMATCH,ACCOUNTING
TX029430,AMOUNT_MISMATCH,ACCOUNTING
TX029527,AMOUNT_MISMATCH,ACCOUNTING
TX029643,AMOUNT_MISMATCH,ACCOUNTING
TX029869,AMOUNT_MISMATCH,ACCOUNTING
TX029877,AMOUNT_MISMATCH,ACCOUNTING
TX030055,AMOUNT_MISMATCH,ACCOUNTING
TX030175,AMOUNT_MISMATCH,ACCOUNTING
TX030308,AMOUNT_MISMATCH,ACCOUNTING
TX030347,AMOUNT_MISMATCH,ACCOUNTING
TX030465,AMOUNT_MISMATCH,ACCOUNTING
TX030497,AMOUNT_MISMATCH,ACCOUNTING
TX030514,AMOUNT_MISMATCH,ACCOUNTING
TX030534,AMOUNT_MISMATCH,ACCOUNTING
TX030658,AMOUNT_MISMATCH,ACCOUNTING
TX030681,AMOUNT_MISMATCH,ACCOUNTING
TX030827,AMOUNT_MISMATCH,ACCOUNTING
TX030877,AMOUNT_MISMATCH,ACCOUNTING
TX030994,AMOUNT_MISMATCH,ACCOUNTING
TX031003,AMOUNT_MISMATCH,ACCOUNTING
TX031077,AMOUNT_MISMATCH,ACCOUNTING
TX031125,AMOUNT_MISMATCH,ACCOUNTING
TX031140,AMOUNT_MISMATCH,ACCOUNTING
TX031237,AMOUNT_MISMATCH,ACCOUNTING
TX031388,AMOUNT_MISMATCH,ACCOUNTING
TX031413,AMOUNT_MISMATCH,ACCOUNTING
TX031713,AMOUNT_MISMATCH,ACCOUNTING
TX031810,AMOUNT_MISMATCH,ACCOUNTING
TX032082,AMOUNT_MISMATCH,ACCOUNTING
TX032347,AMOUNT_MISMATCH,ACCOUNTING
TX032402,AMOUNT_MISMATCH,ACCOUNTING
TX032428,AMOUNT_MISMATCH,ACCOUNTING
TX032695,AMOUNT_MISMATCH,ACCOUNTING
TX032706,AMOUNT_MISMATCH,ACCOUNTING
TX032986,AMOUNT_MISMATCH,ACCOUNTING
TX033049,AMOUNT_MISMATCH,ACCOUNTING
TX033191,AMOUNT_MISMATCH,ACCOUNTING
TX033195,AMOUNT_MISMATCH,ACCOUNTING
TX033305,AMOUNT_MISMATCH,ACCOUNTING
TX033322,AMOUNT_MISMATCH,ACCOUNTING
TX033484,AMOUNT_MISMATCH,ACCOUNTING
TX033550,AMOUNT_MISMATCH,ACCOUNTING
TX033584,AMOUNT_MISMATCH,ACCOUNTING
TX033642,AMOUNT_MISMATCH,ACCOUNTING
TX033663,AMOUNT_MISMATCH,ACCOUNTING
TX033719,AMOUNT_MISMATCH,ACCOUNTING
TX033727,AMOUNT_MISMATCH,ACCOUNTING
TX033883,AMOUNT_MISMATCH,ACCOUNTING
TX033966,AMOUNT_MISMATCH,ACCOUNTING
TX034000,AMOUNT_MISMATCH,ACCOUNTING
TX034010,AMOUNT_MISMATCH,ACCOUNTING
TX034074,AMOUNT_MISMATCH,ACCOUNTING
TX034102,AMOUNT_MISMATCH,ACCOUNTING
TX034128,AMOUNT_MISMATCH,ACCOUNTING
TX034172,AMOUNT_MISMATCH,ACCOUNTING
TX034173,AMOUNT_MISMATCH,ACCOUNTING
TX034329,AMOUNT_MISMATCH,ACCOUNTING
TX034340,AMOUNT_MISMATCH,ACCOUNTING
TX034426,AMOUNT_MISMATCH,ACCOUNTING
TX034497,AMOUNT_MISMATCH,ACCOUNTING
TX034499,AMOUNT_MISMATCH,ACCOUNTING
TX034507,AMOUNT_MISMATCH,ACCOUNTING
TX034676,AMOUNT_MISMATCH,ACCOUNTING
TX034707,AMOUNT_MISMATCH,ACCOUNTING
TX034712,AMOUNT_MISMATCH,ACCOUNTING
TX034925,AMOUNT_MISMATCH,ACCOUNTING
TX035021,AMOUNT_MISMATCH,ACCOUNTING
TX035047,AMOUNT_MISMATCH,ACCOUNTING
TX035162,AMOUNT_MISMATCH,ACCOUNTING
TX035190,AMOUNT_MISMATCH,ACCOUNTING
TX035285,AMOUNT_MISMATCH,ACCOUNTING
TX035317,AMOUNT_MISMATCH,ACCOUNTING
TX035549,AMOUNT_MISMATCH,ACCOUNTING
TX035554,AMOUNT_MISMATCH,ACCOUNTING
TX035663,AMOUNT_MISMATCH,ACCOUNTING
TX035676,AMOUNT_MISMATCH,ACCOUNTING
TX035691,AMOUNT_MISMATCH,ACCOUNTING
TX035720,AMOUNT_MISMATCH,ACCOUNTING
TX035935,AMOUNT_MISMATCH,ACCOUNTING
TX035944,AMOUNT_MISMATCH,ACCOUNTING
TX035966,AMOUNT_MISMATCH,ACCOUNTING
TX036078,AMOUNT_MISMATCH,ACCOUNTING
TX036123,AMOUNT_MISMATCH,ACCOUNTING
TX036133,AMOUNT_MISMATCH,ACCOUNTING
TX036280,AMOUNT_MISMATCH,ACCOUNTING
TX036433,AMOUNT_MISMATCH,ACCOUNTING
TX036467,AMOUNT_MISMATCH,ACCOUNTING
TX036568,AMOUNT_MISMATCH,ACCOUNTING
TX036577,AMOUNT_MISMATCH,ACCOUNTING
TX036654,AMOUNT_MISMATCH,ACCOUNTING
TX036790,AMOUNT_MISMATCH,ACCOUNTING
TX036791,AMOUNT_MISMATCH,ACCOUNTING
TX037000,AMOUNT_MISMATCH,ACCOUNTING
TX037046,AMOUNT_MISMATCH,ACCOUNTING
TX037082,AMOUNT_MISMATCH,ACCOUNTING
TX037136,AMOUNT_MISMATCH,ACCOUNTING
TX037419,AMOUNT_MISMATCH,ACCOUNTING
TX037431,AMOUNT_MISMATCH,ACCOUNTING
TX037481,AMOUNT_MISMATCH,ACCOUNTING
TX037504,AMOUNT_MISMATCH,ACCOUNTING
TX037554,AMOUNT_MISMATCH,ACCOUNTING
TX037567,AMOUNT_MISMATCH,ACCOUNTING
TX037571,AMOUNT_MISMATCH,ACCOUNTING
TX037575,AMOUNT_MISMATCH,ACCOUNTING
TX037639,AMOUNT_MISMATCH,ACCOUNTING
TX037694,AMOUNT_MISMATCH,ACCOUNTING
TX037761,AMOUNT_MISMATCH,ACCOUNTING
TX037781,AMOUNT_MISMATCH,ACCOUNTING
TX037807,AMOUNT_MISMATCH,ACCOUNTING
TX037835,AMOUNT_MISMATCH,ACCOUNTING
TX037880,AMOUNT_MISMATCH,ACCOUNTING
TX038206,AMOUNT_MISMATCH,ACCOUNTING
TX038314,AMOUNT_MISMATCH,ACCOUNTING
TX038408,AMOUNT_MISMATCH,ACCOUNTING
TX038485,AMOUNT_MISMATCH,ACCOUNTING
TX038542,AMOUNT_MISMATCH,ACCOUNTING
TX038638,AMOUNT_MISMATCH,ACCOUNTING
TX038772,AMOUNT_MISMATCH,ACCOUNTING
TX038831,AMOUNT_MISMATCH,ACCOUNTING
TX038890,AMOUNT_MISMATCH,ACCOUNTING
TX038900,AMOUNT_MISMATCH,ACCOUNTING
TX038914,AMOUNT_MISMATCH,ACCOUNTING
TX039071,AMOUNT_MISMATCH,ACCOUNTING
TX039185,AMOUNT_MISMATCH,ACCOUNTING
TX039256,AMOUNT_MISMATCH,ACCOUNTING
TX039354,AMOUNT_MISMATCH,ACCOUNTING
TX039357,AMOUNT_MISMATCH,ACCOUNTING
TX039363,AMOUNT_MISMATCH,ACCOUNTING
TX039418,AMOUNT_MISMATCH,ACCOUNTING
TX039428,AMOUNT_MISMATCH,ACCOUNTING
TX039530,AMOUNT_MISMATCH,ACCOUNTING
TX039665,AMOUNT_MISMATCH,ACCOUNTING
TX039764,AMOUNT_MISMATCH,ACCOUNTING
TX039883,AMOUNT_MISMATCH,ACCOUNTING
TX039917,AMOUNT_MISMATCH,ACCOUNTING
TX039953,AMOUNT_MISMATCH,ACCOUNTING
TX040047,AMOUNT_MISMATCH,ACCOUNTING
TX040081,AMOUNT_MISMATCH,ACCOUNTING
TX040149,AMOUNT_MISMATCH,ACCOUNTING
TX040154,AMOUNT_MISMATCH,ACCOUNTING
TX040185,AMOUNT_MISMATCH,ACCOUNTING
TX040238,AMOUNT_MISMATCH,ACCOUNTING
TX040374,AMOUNT_MISMATCH,ACCOUNTING
TX040388,AMOUNT_MISMATCH,ACCOUNTING
TX040401,AMOUNT_MISMATCH,ACCOUNTING
TX040429,AMOUNT_MISMATCH,ACCOUNTING
TX040617,AMOUNT_MISMATCH,ACCOUNTING
TX040640,AMOUNT_MISMATCH,ACCOUNTING
TX040657,AMOUNT_MISMATCH,ACCOUNTING
TX040837,AMOUNT_MISMATCH,ACCOUNTING
TX040861,AMOUNT_MISMATCH,ACCOUNTING
TX040928,AMOUNT_MISMATCH,ACCOUNTING
TX041019,AMOUNT_MISMATCH,ACCOUNTING
TX041062,AMOUNT_MISMATCH,ACCOUNTING
TX041128,AMOUNT_MISMATCH,ACCOUNTING
TX041199,AMOUNT_MISMATCH,ACCOUNTING
TX041266,AMOUNT_MISMATCH,ACCOUNTING
TX041406,AMOUNT_MISMATCH,ACCOUNTING
TX041442,AMOUNT_MISMATCH,ACCOUNTING
TX041462,AMOUNT_MISMATCH,ACCOUNTING
TX041492,AMOUNT_MISMATCH,ACCOUNTING
TX041556,AMOUNT_MISMATCH,ACCOUNTING
TX041598,AMOUNT_MISMATCH,ACCOUNTING
TX041946,AMOUNT_MISMATCH,ACCOUNTING
TX042077,AMOUNT_MISMATCH,ACCOUNTING
TX042313,AMOUNT_MISMATCH,ACCOUNTING
TX042376,AMOUNT_MISMATCH,ACCOUNTING
TX042382,AMOUNT_MISMATCH,ACCOUNTING
TX042506,AMOUNT_MISMATCH,ACCOUNTING
TX042509,AMOUNT_MISMATCH,ACCOUNTING
TX042594,AMOUNT_MISMATCH,ACCOUNTING
TX042625,AMOUNT_MISMATCH,ACCOUNTING
TX042685,AMOUNT_MISMATCH,ACCOUNTING
TX042706,AMOUNT_MISMATCH,ACCOUNTING
TX042722,AMOUNT_MISMATCH,ACCOUNTING
TX042759,AMOUNT_MISMATCH,ACCOUNTING
TX042831,AMOUNT_MISMATCH,ACCOUNTING
TX042982,AMOUNT_MISMATCH,ACCOUNTING
TX043133,AMOUNT_MISMATCH,ACCOUNTING
TX043224,AMOUNT_MISMATCH,ACCOUNTING
TX043397,AMOUNT_MISMATCH,ACCOUNTING
TX043590,AMOUNT_MISMATCH,ACCOUNTING
TX043840,AMOUNT_MISMATCH,ACCOUNTING
TX043890,AMOUNT_MISMATCH,ACCOUNTING
TX043954,AMOUNT_MISMATCH,ACCOUNTING
TX043956,AMOUNT_MISMATCH,ACCOUNTING
TX044246,AMOUNT_MISMATCH,ACCOUNTING
TX044303,AMOUNT_MISMATCH,ACCOUNTING
TX044306,AMOUNT_MISMATCH,ACCOUNTING
TX044344,AMOUNT_MISMATCH,ACCOUNTING
TX044408,AMOUNT_MISMATCH,ACCOUNTING
TX044420,AMOUNT_MISMATCH,ACCOUNTING
TX044537,AMOUNT_MISMATCH,ACCOUNTING
TX044644,AMOUNT_MISMATCH,ACCOUNTING
TX044730,AMOUNT_MISMATCH,ACCOUNTING
TX044759,AMOUNT_MISMATCH,ACCOUNTING
TX044823,AMOUNT_MISMATCH,ACCOUNTING
TX044832,AMOUNT_MISMATCH,ACCOUNTING
TX044880,AMOUNT_MISMATCH,ACCOUNTING
TX044939,AMOUNT_MISMATCH,ACCOUNTING
TX044953,AMOUNT_MISMATCH,ACCOUNTING
TX044986,AMOUNT_MISMATCH,ACCOUNTING
TX045009,AMOUNT_MISMATCH,ACCOUNTING
TX045151,AMOUNT_MISMATCH,ACCOUNTING
TX045272,AMOUNT_MISMATCH,ACCOUNTING
TX045341,AMOUNT_MISMATCH,ACCOUNTING
TX045351,AMOUNT_MISMATCH,ACCOUNTING
TX045428,AMOUNT_MISMATCH,ACCOUNTING
TX045483,AMOUNT_MISMATCH,ACCOUNTING
TX045534,AMOUNT_MISMATCH,ACCOUNTING
TX045577,AMOUNT_MISMATCH,ACCOUNTING
TX045652,AMOUNT_MISMATCH,ACCOUNTING
TX045740,AMOUNT_MISMATCH,ACCOUNTING
TX045753,AMOUNT_MISMATCH,ACCOUNTING
TX045784,AMOUNT_MISMATCH,ACCOUNTING
TX046015,AMOUNT_MISMATCH,ACCOUNTING
TX046102,AMOUNT_MISMATCH,ACCOUNTING
TX046205,AMOUNT_MISMATCH,ACCOUNTING
TX046359,AMOUNT_MISMATCH,ACCOUNTING
TX046375,AMOUNT_MISMATCH,ACCOUNTING
TX046406,AMOUNT_MISMATCH,ACCOUNTING
TX046435,AMOUNT_MISMATCH,ACCOUNTING
TX046525,AMOUNT_MISMATCH,ACCOUNTING
TX046531,AMOUNT_MISMATCH,ACCOUNTING
TX046708,AMOUNT_MISMATCH,ACCOUNTING
TX046774,AMOUNT_MISMATCH,ACCOUNTING
TX046853,AMOUNT_MISMATCH,ACCOUNTING
TX046909,AMOUNT_MISMATCH,ACCOUNTING
TX046934,AMOUNT_MISMATCH,ACCOUNTING
TX046940,AMOUNT_MISMATCH,ACCOUNTING
TX047001,AMOUNT_MISMATCH,ACCOUNTING
TX047024,AMOUNT_MISMATCH,ACCOUNTING
TX047066,AMOUNT_MISMATCH,ACCOUNTING
TX047138,AMOUNT_MISMATCH,ACCOUNTING
TX047158,AMOUNT_MISMATCH,ACCOUNTING
TX047335,AMOUNT_MISMATCH,ACCOUNTING
TX047397,AMOUNT_MISMATCH,ACCOUNTING
TX047406,AMOUNT_MISMATCH,ACCOUNTING
TX047500,AMOUNT_MISMATCH,ACCOUNTING
TX047588,AMOUNT_MISMATCH,ACCOUNTING
TX047743,AMOUNT_MISMATCH,ACCOUNTING
TX047804,AMOUNT_MISMATCH,ACCOUNTING
TX047851,AMOUNT_MISMATCH,ACCOUNTING
TX048007,AMOUNT_MISMATCH,ACCOUNTING
TX048226,AMOUNT_MISMATCH,ACCOUNTING
TX048295,AMOUNT_MISMATCH,ACCOUNTING
TX048389,AMOUNT_MISMATCH,ACCOUNTING
TX048396,AMOUNT_MISMATCH,ACCOUNTING
TX048475,AMOUNT_MISMATCH,ACCOUNTING
TX048665,AMOUNT_MISMATCH,ACCOUNTING
TX048818,AMOUNT_MISMATCH,ACCOUNTING
TX048849,AMOUNT_MISMATCH,ACCOUNTING
TX048856,AMOUNT_MISMATCH,ACCOUNTING
TX048965,AMOUNT_MISMATCH,ACCOUNTING
TX049041,AMOUNT_MISMATCH,ACCOUNTING
TX049099,AMOUNT_MISMATCH,ACCOUNTING
TX049213,AMOUNT_MISMATCH,ACCOUNTING
TX049276,AMOUNT_MISMATCH,ACCOUNTING
TX049326,AMOUNT_MISMATCH,ACCOUNTING
TX049424,AMOUNT_MISMATCH,ACCOUNTING
TX049434,AMOUNT_MISMATCH,ACCOUNTING
TX049621,AMOUNT_MISMATCH,ACCOUNTING
TX049687,AMOUNT_MISMATCH,ACCOUNTING
TX049750,AMOUNT_MISMATCH,ACCOUNTING
TX049843,AMOUNT_MISMATCH,ACCOUNTING
TX049892,AMOUNT_MISMATCH,ACCOUNTING
TX049905,AMOUNT_MISMATCH,ACCOUNTING
TX049929,AMOUNT_MISMATCH,ACCOUNTING
TX049934,AMOUNT_MISMATCH,ACCOUNTING
TX050000,AMOUNT_MISMATCH,ACCOUNTING
TX000044,DUPLICATE_TRANSACTION,ACCOUNTING
TX000203,DUPLICATE_TRANSACTION,ACCOUNTING
TX000226,DUPLICATE_TRANSACTION,ACCOUNTING
TX000572,DUPLICATE_TRANSACTION,ACCOUNTING
TX000621,DUPLICATE_TRANSACTION,ACCOUNTING
TX000629,DUPLICATE_TRANSACTION,ACCOUNTING
TX000912,DUPLICATE_TRANSACTION,ACCOUNTING
TX001409,DUPLICATE_TRANSACTION,ACCOUNTING
TX002368,DUPLICATE_TRANSACTION,ACCOUNTING
TX002479,DUPLICATE_TRANSACTION,ACCOUNTING
TX002506,DUPLICATE_TRANSACTION,ACCOUNTING
TX002601,DUPLICATE_TRANSACTION,ACCOUNTING
TX002740,DUPLICATE_TRANSACTION,ACCOUNTING
TX002741,DUPLICATE_TRANSACTION,ACCOUNTING
TX002849,DUPLICATE_TRANSACTION,ACCOUNTING
TX003184,DUPLICATE_TRANSACTION,ACCOUNTING
TX003206,DUPLICATE_TRANSACTION,ACCOUNTING
TX003416,DUPLICATE_TRANSACTION,ACCOUNTING
TX003422,DUPLICATE_TRANSACTION,ACCOUNTING
TX003544,DUPLICATE_TRANSACTION,ACCOUNTING
TX003715,DUPLICATE_TRANSACTION,ACCOUNTING
TX003859,DUPLICATE_TRANSACTION,ACCOUNTING
TX003879,DUPLICATE_TRANSACTION,ACCOUNTING
TX003993,DUPLICATE_TRANSACTION,ACCOUNTING
TX004174,DUPLICATE_TRANSACTION,ACCOUNTING
TX004194,DUPLICATE_TRANSACTION,ACCOUNTING
TX004398,DUPLICATE_TRANSACTION,ACCOUNTING
TX004478,DUPLICATE_TRANSACTION,ACCOUNTING
TX004658,DUPLICATE_TRANSACTION,ACCOUNTING
TX004681,DUPLICATE_TRANSACTION,ACCOUNTING
TX004697,DUPLICATE_TRANSACTION,ACCOUNTING
TX004734,DUPLICATE_TRANSACTION,ACCOUNTING
TX004786,DUPLICATE_TRANSACTION,ACCOUNTING
TX004813,DUPLICATE_TRANSACTION,ACCOUNTING
TX004865,DUPLICATE_TRANSACTION,ACCOUNTING
TX004928,DUPLICATE_TRANSACTION,ACCOUNTING
TX004952,DUPLICATE_TRANSACTION,ACCOUNTING
TX004979,DUPLICATE_TRANSACTION,ACCOUNTING
TX005019,DUPLICATE_TRANSACTION,ACCOUNTING
TX005022,DUPLICATE_TRANSACTION,ACCOUNTING
TX005159,DUPLICATE_TRANSACTION,ACCOUNTING
TX005357,DUPLICATE_TRANSACTION,ACCOUNTING
TX005403,DUPLICATE_TRANSACTION,ACCOUNTING
TX005922,DUPLICATE_TRANSACTION,ACCOUNTING
TX006233,DUPLICATE_TRANSACTION,ACCOUNTING
TX006305,DUPLICATE_TRANSACTION,ACCOUNTING
TX006522,DUPLICATE_TRANSACTION,ACCOUNTING
TX006674,DUPLICATE_TRANSACTION,ACCOUNTING
TX006880,DUPLICATE_TRANSACTION,ACCOUNTING
TX006943,DUPLICATE_TRANSACTION,ACCOUNTING
TX007012,DUPLICATE_TRANSACTION,ACCOUNTING
TX007023,DUPLICATE_TRANSACTION,ACCOUNTING
TX007032,DUPLICATE_TRANSACTION,ACCOUNTING
TX007235,DUPLICATE_TRANSACTION,ACCOUNTING
TX007568,DUPLICATE_TRANSACTION,ACCOUNTING
TX007821,DUPLICATE_TRANSACTION,ACCOUNTING
TX007871,DUPLICATE_TRANSACTION,ACCOUNTING
TX007889,DUPLICATE_TRANSACTION,ACCOUNTING
TX007974,DUPLICATE_TRANSACTION,ACCOUNTING
TX007993,DUPLICATE_TRANSACTION,ACCOUNTING
TX007999,DUPLICATE_TRANSACTION,ACCOUNTING
TX008031,DUPLICATE_TRANSACTION,ACCOUNTING
TX008052,DUPLICATE_TRANSACTION,ACCOUNTING
TX008092,DUPLICATE_TRANSACTION,ACCOUNTING
TX008856,DUPLICATE_TRANSACTION,ACCOUNTING
TX009132,DUPLICATE_TRANSACTION,ACCOUNTING
TX009185,DUPLICATE_TRANSACTION,ACCOUNTING
TX009328,DUPLICATE_TRANSACTION,ACCOUNTING
TX009350,DUPLICATE_TRANSACTION,ACCOUNTING
TX009502,DUPLICATE_TRANSACTION,ACCOUNTING
TX010050,DUPLICATE_TRANSACTION,ACCOUNTING
TX010155,DUPLICATE_TRANSACTION,ACCOUNTING
TX010227,DUPLICATE_TRANSACTION,ACCOUNTING
TX010629,DUPLICATE_TRANSACTION,ACCOUNTING
TX010931,DUPLICATE_TRANSACTION,ACCOUNTING
TX011003,DUPLICATE_TRANSACTION,ACCOUNTING
TX011119,DUPLICATE_TRANSACTION,ACCOUNTING
TX011219,DUPLICATE_TRANSACTION,ACCOUNTING
TX011224,DUPLICATE_TRANSACTION,ACCOUNTING
TX011313,DUPLICATE_TRANSACTION,ACCOUNTING
TX011389,DUPLICATE_TRANSACTION,ACCOUNTING
TX011482,DUPLICATE_TRANSACTION,ACCOUNTING
TX011501,DUPLICATE_TRANSACTION,ACCOUNTING
TX011520,DUPLICATE_TRANSACTION,ACCOUNTING
TX011543,DUPLICATE_TRANSACTION,ACCOUNTING
TX011649,DUPLICATE_TRANSACTION,ACCOUNTING
TX011825,DUPLICATE_TRANSACTION,ACCOUNTING
TX012028,DUPLICATE_TRANSACTION,ACCOUNTING
TX012064,DUPLICATE_TRANSACTION,ACCOUNTING
TX012394,DUPLICATE_TRANSACTION,ACCOUNTING
TX012625,DUPLICATE_TRANSACTION,ACCOUNTING
TX012810,DUPLICATE_TRANSACTION,ACCOUNTING
TX013317,DUPLICATE_TRANSACTION,ACCOUNTING
TX013500,DUPLICATE_TRANSACTION,ACCOUNTING
TX013575,DUPLICATE_TRANSACTION,ACCOUNTING
TX013623,DUPLICATE_TRANSACTION,ACCOUNTING
TX013861,DUPLICATE_TRANSACTION,ACCOUNTING
TX013882,DUPLICATE_TRANSACTION,ACCOUNTING
TX013887,DUPLICATE_TRANSACTION,ACCOUNTING
TX014247,DUPLICATE_TRANSACTION,ACCOUNTING
TX014553,DUPLICATE_TRANSACTION,ACCOUNTING
TX014836,DUPLICATE_TRANSACTION,ACCOUNTING
TX015258,DUPLICATE_TRANSACTION,ACCOUNTING
TX015343,DUPLICATE_TRANSACTION,ACCOUNTING
TX015361,DUPLICATE_TRANSACTION,ACCOUNTING
TX015418,DUPLICATE_TRANSACTION,ACCOUNTING
TX015457,DUPLICATE_TRANSACTION,ACCOUNTING
TX015549,DUPLICATE_TRANSACTION,ACCOUNTING
TX015705,DUPLICATE_TRANSACTION,ACCOUNTING
TX016074,DUPLICATE_TRANSACTION,ACCOUNTING
TX016362,DUPLICATE_TRANSACTION,ACCOUNTING
TX016409,DUPLICATE_TRANSACTION,ACCOUNTING
TX016490,DUPLICATE_TRANSACTION,ACCOUNTING
TX016698,DUPLICATE_TRANSACTION,ACCOUNTING
TX016980,DUPLICATE_TRANSACTION,ACCOUNTING
TX017147,DUPLICATE_TRANSACTION,ACCOUNTING
TX017376,DUPLICATE_TRANSACTION,ACCOUNTING
TX017409,DUPLICATE_TRANSACTION,ACCOUNTING
TX017505,DUPLICATE_TRANSACTION,ACCOUNTING
TX017602,DUPLICATE_TRANSACTION,ACCOUNTING
TX017774,DUPLICATE_TRANSACTION,ACCOUNTING
TX018451,DUPLICATE_TRANSACTION,ACCOUNTING
TX018742,DUPLICATE_TRANSACTION,ACCOUNTING
TX018911,DUPLICATE_TRANSACTION,ACCOUNTING
TX019013,DUPLICATE_TRANSACTION,ACCOUNTING
TX019307,DUPLICATE_TRANSACTION,ACCOUNTING
TX019444,DUPLICATE_TRANSACTION,ACCOUNTING
TX019601,DUPLICATE_TRANSACTION,ACCOUNTING
TX019686,DUPLICATE_TRANSACTION,ACCOUNTING
TX019688,DUPLICATE_TRANSACTION,ACCOUNTING
TX019904,DUPLICATE_TRANSACTION,ACCOUNTING
TX020463,DUPLICATE_TRANSACTION,ACCOUNTING
TX020502,DUPLICATE_TRANSACTION,ACCOUNTING
TX020730,DUPLICATE_TRANSACTION,ACCOUNTING
TX020933,DUPLICATE_TRANSACTION,ACCOUNTING
TX021011,DUPLICATE_TRANSACTION,ACCOUNTING
TX021083,DUPLICATE_TRANSACTION,ACCOUNTING
TX021118,DUPLICATE_TRANSACTION,ACCOUNTING
TX021247,DUPLICATE_TRANSACTION,ACCOUNTING
TX021262,DUPLICATE_TRANSACTION,ACCOUNTING
TX021302,DUPLICATE_TRANSACTION,ACCOUNTING
TX021359,DUPLICATE_TRANSACTION,ACCOUNTING
TX021845,DUPLICATE_TRANSACTION,ACCOUNTING
TX022106,DUPLICATE_TRANSACTION,ACCOUNTING
TX022198,DUPLICATE_TRANSACTION,ACCOUNTING
TX022235,DUPLICATE_TRANSACTION,ACCOUNTING
TX022281,DUPLICATE_TRANSACTION,ACCOUNTING
TX022307,DUPLICATE_TRANSACTION,ACCOUNTING
TX022492,DUPLICATE_TRANSACTION,ACCOUNTING
TX022517,DUPLICATE_TRANSACTION,ACCOUNTING
TX022581,DUPLICATE_TRANSACTION,ACCOUNTING
TX022689,DUPLICATE_TRANSACTION,ACCOUNTING
TX022722,DUPLICATE_TRANSACTION,ACCOUNTING
TX022741,DUPLICATE_TRANSACTION,ACCOUNTING
TX022847,DUPLICATE_TRANSACTION,ACCOUNTING
TX022935,DUPLICATE_TRANSACTION,ACCOUNTING
TX023173,DUPLICATE_TRANSACTION,ACCOUNTING
TX023179,DUPLICATE_TRANSACTION,ACCOUNTING
TX023333,DUPLICATE_TRANSACTION,ACCOUNTING
TX023551,DUPLICATE_TRANSACTION,ACCOUNTING
TX023717,DUPLICATE_TRANSACTION,ACCOUNTING
TX024653,DUPLICATE_TRANSACTION,ACCOUNTING
TX024709,DUPLICATE_TRANSACTION,ACCOUNTING
TX025225,DUPLICATE_TRANSACTION,ACCOUNTING
TX025293,DUPLICATE_TRANSACTION,ACCOUNTING
TX025710,DUPLICATE_TRANSACTION,ACCOUNTING
TX025763,DUPLICATE_TRANSACTION,ACCOUNTING
TX025808,DUPLICATE_TRANSACTION,ACCOUNTING
TX025874,DUPLICATE_TRANSACTION,ACCOUNTING
TX026111,DUPLICATE_TRANSACTION,ACCOUNTING
TX026114,DUPLICATE_TRANSACTION,ACCOUNTING
TX026135,DUPLICATE_TRANSACTION,ACCOUNTING
TX026237,DUPLICATE_TRANSACTION,ACCOUNTING
TX026291,DUPLICATE_TRANSACTION,ACCOUNTING
TX026514,DUPLICATE_TRANSACTION,ACCOUNTING
TX026555,DUPLICATE_TRANSACTION,ACCOUNTING
TX026709,DUPLICATE_TRANSACTION,ACCOUNTING
TX026839,DUPLICATE_TRANSACTION,ACCOUNTING
TX027042,DUPLICATE_TRANSACTION,ACCOUNTING
TX027078,DUPLICATE_TRANSACTION,ACCOUNTING
TX027387,DUPLICATE_TRANSACTION,ACCOUNTING
TX027509,DUPLICATE_TRANSACTION,ACCOUNTING
TX027646,DUPLICATE_TRANSACTION,ACCOUNTING
TX027664,DUPLICATE_TRANSACTION,ACCOUNTING
TX027682,DUPLICATE_TRANSACTION,ACCOUNTING
TX027819,DUPLICATE_TRANSACTION,ACCOUNTING
TX028046,DUPLICATE_TRANSACTION,ACCOUNTING
TX028067,DUPLICATE_TRANSACTION,ACCOUNTING
TX028071,DUPLICATE_TRANSACTION,ACCOUNTING
TX028343,DUPLICATE_TRANSACTION,ACCOUNTING
TX028406,DUPLICATE_TRANSACTION,ACCOUNTING
TX028539,DUPLICATE_TRANSACTION,ACCOUNTING
TX028580,DUPLICATE_TRANSACTION,ACCOUNTING
TX028852,DUPLICATE_TRANSACTION,ACCOUNTING
TX029426,DUPLICATE_TRANSACTION,ACCOUNTING
TX030066,DUPLICATE_TRANSACTION,ACCOUNTING
TX030710,DUPLICATE_TRANSACTION,ACCOUNTING
TX030733,DUPLICATE_TRANSACTION,ACCOUNTING
TX030775,DUPLICATE_TRANSACTION,ACCOUNTING
TX030816,DUPLICATE_TRANSACTION,ACCOUNTING
TX031012,DUPLICATE_TRANSACTION,ACCOUNTING
TX031059,DUPLICATE_TRANSACTION,ACCOUNTING
TX031280,DUPLICATE_TRANSACTION,ACCOUNTING
TX031511,DUPLICATE_TRANSACTION,ACCOUNTING
TX031963,DUPLICATE_TRANSACTION,ACCOUNTING
TX032146,DUPLICATE_TRANSACTION,ACCOUNTING
TX032165,DUPLICATE_TRANSACTION,ACCOUNTING
TX033025,DUPLICATE_TRANSACTION,ACCOUNTING
TX033232,DUPLICATE_TRANSACTION,ACCOUNTING
TX034061,DUPLICATE_TRANSACTION,ACCOUNTING
TX034226,DUPLICATE_TRANSACTION,ACCOUNTING
TX034246,DUPLICATE_TRANSACTION,ACCOUNTING
TX034317,DUPLICATE_TRANSACTION,ACCOUNTING
TX034700,DUPLICATE_TRANSACTION,ACCOUNTING
TX034756,DUPLICATE_TRANSACTION,ACCOUNTING
TX034780,DUPLICATE_TRANSACTION,ACCOUNTING
TX034855,DUPLICATE_TRANSACTION,ACCOUNTING
TX034945,DUPLICATE_TRANSACTION,ACCOUNTING
TX035176,DUPLICATE_TRANSACTION,ACCOUNTING
TX035181,DUPLICATE_TRANSACTION,ACCOUNTING
TX035306,DUPLICATE_TRANSACTION,ACCOUNTING
TX035520,DUPLICATE_TRANSACTION,ACCOUNTING
TX035572,DUPLICATE_TRANSACTION,ACCOUNTING
TX035611,DUPLICATE_TRANSACTION,ACCOUNTING
TX035969,DUPLICATE_TRANSACTION,ACCOUNTING
TX036195,DUPLICATE_TRANSACTION,ACCOUNTING
TX036285,DUPLICATE_TRANSACTION,ACCOUNTING
TX036601,DUPLICATE_TRANSACTION,ACCOUNTING
TX036625,DUPLICATE_TRANSACTION,ACCOUNTING
TX036854,DUPLICATE_TRANSACTION,ACCOUNTING
TX037013,DUPLICATE_TRANSACTION,ACCOUNTING
TX037179,DUPLICATE_TRANSACTION,ACCOUNTING
TX037253,DUPLICATE_TRANSACTION,ACCOUNTING
TX037337,DUPLICATE_TRANSACTION,ACCOUNTING
TX037398,DUPLICATE_TRANSACTION,ACCOUNTING
TX037455,DUPLICATE_TRANSACTION,ACCOUNTING
TX037514,DUPLICATE_TRANSACTION,ACCOUNTING
TX037522,DUPLICATE_TRANSACTION,ACCOUNTING
TX037596,DUPLICATE_TRANSACTION,ACCOUNTING
TX037614,DUPLICATE_TRANSACTION,ACCOUNTING
TX037834,DUPLICATE_TRANSACTION,ACCOUNTING
TX037882,DUPLICATE_TRANSACTION,ACCOUNTING
TX037931,DUPLICATE_TRANSACTION,ACCOUNTING
TX038100,DUPLICATE_TRANSACTION,ACCOUNTING
TX038215,DUPLICATE_TRANSACTION,ACCOUNTING
TX038391,DUPLICATE_TRANSACTION,ACCOUNTING
TX038510,DUPLICATE_TRANSACTION,ACCOUNTING
TX038799,DUPLICATE_TRANSACTION,ACCOUNTING
TX039090,DUPLICATE_TRANSACTION,ACCOUNTING
TX039461,DUPLICATE_TRANSACTION,ACCOUNTING
TX039699,DUPLICATE_TRANSACTION,ACCOUNTING
TX039782,DUPLICATE_TRANSACTION,ACCOUNTING
TX039903,DUPLICATE_TRANSACTION,ACCOUNTING
TX039934,DUPLICATE_TRANSACTION,ACCOUNTING
TX040061,DUPLICATE_TRANSACTION,ACCOUNTING
TX040471,DUPLICATE_TRANSACTION,ACCOUNTING
TX040754,DUPLICATE_TRANSACTION,ACCOUNTING
TX041164,DUPLICATE_TRANSACTION,ACCOUNTING
TX041209,DUPLICATE_TRANSACTION,ACCOUNTING
TX041541,DUPLICATE_TRANSACTION,ACCOUNTING
TX041555,DUPLICATE_TRANSACTION,ACCOUNTING
TX041966,DUPLICATE_TRANSACTION,ACCOUNTING
TX042138,DUPLICATE_TRANSACTION,ACCOUNTING
TX042865,DUPLICATE_TRANSACTION,ACCOUNTING
TX043151,DUPLICATE_TRANSACTION,ACCOUNTING
TX043153,DUPLICATE_TRANSACTION,ACCOUNTING
TX043467,DUPLICATE_TRANSACTION,ACCOUNTING
TX043474,DUPLICATE_TRANSACTION,ACCOUNTING
TX043712,DUPLICATE_TRANSACTION,ACCOUNTING
TX043856,DUPLICATE_TRANSACTION,ACCOUNTING
TX044016,DUPLICATE_TRANSACTION,ACCOUNTING
TX044354,DUPLICATE_TRANSACTION,ACCOUNTING
TX044526,DUPLICATE_TRANSACTION,ACCOUNTING
TX044684,DUPLICATE_TRANSACTION,ACCOUNTING
TX044866,DUPLICATE_TRANSACTION,ACCOUNTING
TX044958,DUPLICATE_TRANSACTION,ACCOUNTING
TX045109,DUPLICATE_TRANSACTION,ACCOUNTING
TX045249,DUPLICATE_TRANSACTION,ACCOUNTING
TX045330,DUPLICATE_TRANSACTION,ACCOUNTING
TX045743,DUPLICATE_TRANSACTION,ACCOUNTING
TX046026,DUPLICATE_TRANSACTION,ACCOUNTING
TX046192,DUPLICATE_TRANSACTION,ACCOUNTING
TX046306,DUPLICATE_TRANSACTION,ACCOUNTING
TX046320,DUPLICATE_TRANSACTION,ACCOUNTING
TX046410,DUPLICATE_TRANSACTION,ACCOUNTING
TX046747,DUPLICATE_TRANSACTION,ACCOUNTING
TX046851,DUPLICATE_TRANSACTION,ACCOUNTING
TX047518,DUPLICATE_TRANSACTION,ACCOUNTING
TX047609,DUPLICATE_TRANSACTION,ACCOUNTING
TX047726,DUPLICATE_TRANSACTION,ACCOUNTING
TX047830,DUPLICATE_TRANSACTION,ACCOUNTING
TX048064,DUPLICATE_TRANSACTION,ACCOUNTING
TX048078,DUPLICATE_TRANSACTION,ACCOUNTING
TX048728,DUPLICATE_TRANSACTION,ACCOUNTING
TX048750,DUPLICATE_TRANSACTION,ACCOUNTING
TX048836,DUPLICATE_TRANSACTION,ACCOUNTING
TX049098,DUPLICATE_TRANSACTION,ACCOUNTING
TX049594,DUPLICATE_TRANSACTION,ACCOUNTING
TX049642,DUPLICATE_TRANSACTION,ACCOUNTING
TX049715,DUPLICATE_TRANSACTION,ACCOUNTING
TX000084,FX_DIFFERENCE,ACCOUNTING
TX000154,FX_DIFFERENCE,ACCOUNTING
TX000230,FX_DIFFERENCE,ACCOUNTING
TX000379,FX_DIFFERENCE,ACCOUNTING
TX000986,FX_DIFFERENCE,ACCOUNTING
TX001152,FX_DIFFERENCE,ACCOUNTING
TX001164,FX_DIFFERENCE,ACCOUNTING
TX002205,FX_DIFFERENCE,ACCOUNTING
TX002397,FX_DIFFERENCE,ACCOUNTING
TX002704,FX_DIFFERENCE,ACCOUNTING
TX003025,FX_DIFFERENCE,ACCOUNTING
TX003145,FX_DIFFERENCE,ACCOUNTING
TX003190,FX_DIFFERENCE,ACCOUNTING
TX003315,FX_DIFFERENCE,ACCOUNTING
TX003615,FX_DIFFERENCE,ACCOUNTING
TX003681,FX_DIFFERENCE,ACCOUNTING
TX004069,FX_DIFFERENCE,ACCOUNTING
TX004232,FX_DIFFERENCE,ACCOUNTING
TX004781,FX_DIFFERENCE,ACCOUNTING
TX004794,FX_DIFFERENCE,ACCOUNTING
TX004799,FX_DIFFERENCE,ACCOUNTING
TX005065,FX_DIFFERENCE,ACCOUNTING
TX005528,FX_DIFFERENCE,ACCOUNTING
TX005610,FX_DIFFERENCE,ACCOUNTING
TX005688,FX_DIFFERENCE,ACCOUNTING
TX005728,FX_DIFFERENCE,ACCOUNTING
TX005742,FX_DIFFERENCE,ACCOUNTING
TX005909,FX_DIFFERENCE,ACCOUNTING
TX005991,FX_DIFFERENCE,ACCOUNTING
TX006007,FX_DIFFERENCE,ACCOUNTING
TX006543,FX_DIFFERENCE,ACCOUNTING
TX006607,FX_DIFFERENCE,ACCOUNTING
TX006857,FX_DIFFERENCE,ACCOUNTING
TX006957,FX_DIFFERENCE,ACCOUNTING
TX007038,FX_DIFFERENCE,ACCOUNTING
TX007126,FX_DIFFERENCE,ACCOUNTING
TX007250,FX_DIFFERENCE,ACCOUNTING
TX007322,FX_DIFFERENCE,ACCOUNTING
TX007674,FX_DIFFERENCE,ACCOUNTING
TX007702,FX_DIFFERENCE,ACCOUNTING
TX007748,FX_DIFFERENCE,ACCOUNTING
TX007794,FX_DIFFERENCE,ACCOUNTING
TX007995,FX_DIFFERENCE,ACCOUNTING
TX008211,FX_DIFFERENCE,ACCOUNTING
TX008224,FX_DIFFERENCE,ACCOUNTING
TX008237,FX_DIFFERENCE,ACCOUNTING
TX008272,FX_DIFFERENCE,ACCOUNTING
TX008773,FX_DIFFERENCE,ACCOUNTING
TX009164,FX_DIFFERENCE,ACCOUNTING
TX009171,FX_DIFFERENCE,ACCOUNTING
TX009199,FX_DIFFERENCE,ACCOUNTING
TX009712,FX_DIFFERENCE,ACCOUNTING
TX009847,FX_DIFFERENCE,ACCOUNTING
TX009887,FX_DIFFERENCE,ACCOUNTING
TX010392,FX_DIFFERENCE,ACCOUNTING
TX010516,FX_DIFFERENCE,ACCOUNTING
TX010619,FX_DIFFERENCE,ACCOUNTING
TX010852,FX_DIFFERENCE,ACCOUNTING
TX010892,FX_DIFFERENCE,ACCOUNTING
TX011225,FX_DIFFERENCE,ACCOUNTING
TX011740,FX_DIFFERENCE,ACCOUNTING
TX011813,FX_DIFFERENCE,ACCOUNTING
TX011823,FX_DIFFERENCE,ACCOUNTING
TX011948,FX_DIFFERENCE,ACCOUNTING
TX012330,FX_DIFFERENCE,ACCOUNTING
TX012651,FX_DIFFERENCE,ACCOUNTING
TX012697,FX_DIFFERENCE,ACCOUNTING
TX012708,FX_DIFFERENCE,ACCOUNTING
TX012979,FX_DIFFERENCE,ACCOUNTING
TX013393,FX_DIFFERENCE,ACCOUNTING
TX013527,FX_DIFFERENCE,ACCOUNTING
TX013580,FX_DIFFERENCE,ACCOUNTING
TX013682,FX_DIFFERENCE,ACCOUNTING
TX013855,FX_DIFFERENCE,ACCOUNTING
TX014339,FX_DIFFERENCE,ACCOUNTING
TX014369,FX_DIFFERENCE,ACCOUNTING
TX014494,FX_DIFFERENCE,ACCOUNTING
TX014561,FX_DIFFERENCE,ACCOUNTING
TX015534,FX_DIFFERENCE,ACCOUNTING
TX015661,FX_DIFFERENCE,ACCOUNTING
TX015736,FX_DIFFERENCE,ACCOUNTING
TX015773,FX_DIFFERENCE,ACCOUNTING
TX016027,FX_DIFFERENCE,ACCOUNTING
TX016061,FX_DIFFERENCE,ACCOUNTING
TX016425,FX_DIFFERENCE,ACCOUNTING
TX016693,FX_DIFFERENCE,ACCOUNTING
TX016751,FX_DIFFERENCE,ACCOUNTING
TX017027,FX_DIFFERENCE,ACCOUNTING
TX017043,FX_DIFFERENCE,ACCOUNTING
TX017281,FX_DIFFERENCE,ACCOUNTING
TX017333,FX_DIFFERENCE,ACCOUNTING
TX017536,FX_DIFFERENCE,ACCOUNTING
TX017597,FX_DIFFERENCE,ACCOUNTING
TX017663,FX_DIFFERENCE,ACCOUNTING
TX017819,FX_DIFFERENCE,ACCOUNTING
TX017956,FX_DIFFERENCE,ACCOUNTING
TX017957,FX_DIFFERENCE,ACCOUNTING
TX018080,FX_DIFFERENCE,ACCOUNTING
TX018184,FX_DIFFERENCE,ACCOUNTING
TX018204,FX_DIFFERENCE,ACCOUNTING
TX018246,FX_DIFFERENCE,ACCOUNTING
TX018282,FX_DIFFERENCE,ACCOUNTING
TX018618,FX_DIFFERENCE,ACCOUNTING
TX019048,FX_DIFFERENCE,ACCOUNTING
TX019094,FX_DIFFERENCE,ACCOUNTING
TX019634,FX_DIFFERENCE,ACCOUNTING
TX019687,FX_DIFFERENCE,ACCOUNTING
TX019879,FX_DIFFERENCE,ACCOUNTING
TX020222,FX_DIFFERENCE,ACCOUNTING
TX020261,FX_DIFFERENCE,ACCOUNTING
TX020340,FX_DIFFERENCE,ACCOUNTING
TX020373,FX_DIFFERENCE,ACCOUNTING
TX020400,FX_DIFFERENCE,ACCOUNTING
TX020441,FX_DIFFERENCE,ACCOUNTING
TX020763,FX_DIFFERENCE,ACCOUNTING
TX020829,FX_DIFFERENCE,ACCOUNTING
TX020903,FX_DIFFERENCE,ACCOUNTING
TX020918,FX_DIFFERENCE,ACCOUNTING
TX021372,FX_DIFFERENCE,ACCOUNTING
TX021416,FX_DIFFERENCE,ACCOUNTING
TX021741,FX_DIFFERENCE,ACCOUNTING
TX021806,FX_DIFFERENCE,ACCOUNTING
TX022191,FX_DIFFERENCE,ACCOUNTING
TX022327,FX_DIFFERENCE,ACCOUNTING
TX022658,FX_DIFFERENCE,ACCOUNTING
TX023047,FX_DIFFERENCE,ACCOUNTING
TX023212,FX_DIFFERENCE,ACCOUNTING
TX023478,FX_DIFFERENCE,ACCOUNTING
TX023703,FX_DIFFERENCE,ACCOUNTING
TX023887,FX_DIFFERENCE,ACCOUNTING
TX023977,FX_DIFFERENCE,ACCOUNTING
TX024014,FX_DIFFERENCE,ACCOUNTING
TX024016,FX_DIFFERENCE,ACCOUNTING
TX024074,FX_DIFFERENCE,ACCOUNTING
TX024244,FX_DIFFERENCE,ACCOUNTING
TX024509,FX_DIFFERENCE,ACCOUNTING
TX024583,FX_DIFFERENCE,ACCOUNTING
TX024932,FX_DIFFERENCE,ACCOUNTING
TX025325,FX_DIFFERENCE,ACCOUNTING
TX025476,FX_DIFFERENCE,ACCOUNTING
TX025545,FX_DIFFERENCE,ACCOUNTING
TX025602,FX_DIFFERENCE,ACCOUNTING
TX025776,FX_DIFFERENCE,ACCOUNTING
TX025953,FX_DIFFERENCE,ACCOUNTING
TX026044,FX_DIFFERENCE,ACCOUNTING
TX026104,FX_DIFFERENCE,ACCOUNTING
TX026684,FX_DIFFERENCE,ACCOUNTING
TX026732,FX_DIFFERENCE,ACCOUNTING
TX026975,FX_DIFFERENCE,ACCOUNTING
TX027045,FX_DIFFERENCE,ACCOUNTING
TX027564,FX_DIFFERENCE,ACCOUNTING
TX028132,FX_DIFFERENCE,ACCOUNTING
TX028148,FX_DIFFERENCE,ACCOUNTING
TX028258,FX_DIFFERENCE,ACCOUNTING
TX029246,FX_DIFFERENCE,ACCOUNTING
TX029252,FX_DIFFERENCE,ACCOUNTING
TX029400,FX_DIFFERENCE,ACCOUNTING
TX029476,FX_DIFFERENCE,ACCOUNTING
TX029546,FX_DIFFERENCE,ACCOUNTING
TX029747,FX_DIFFERENCE,ACCOUNTING
TX029760,FX_DIFFERENCE,ACCOUNTING
TX030238,FX_DIFFERENCE,ACCOUNTING
TX030486,FX_DIFFERENCE,ACCOUNTING
TX030548,FX_DIFFERENCE,ACCOUNTING
TX030788,FX_DIFFERENCE,ACCOUNTING
TX030861,FX_DIFFERENCE,ACCOUNTING
TX031191,FX_DIFFERENCE,ACCOUNTING
TX031804,FX_DIFFERENCE,ACCOUNTING
TX031840,FX_DIFFERENCE,ACCOUNTING
TX032829,FX_DIFFERENCE,ACCOUNTING
TX033455,FX_DIFFERENCE,ACCOUNTING
TX033488,FX_DIFFERENCE,ACCOUNTING
TX033594,FX_DIFFERENCE,ACCOUNTING
TX033606,FX_DIFFERENCE,ACCOUNTING
TX033674,FX_DIFFERENCE,ACCOUNTING
TX034005,FX_DIFFERENCE,ACCOUNTING
TX034202,FX_DIFFERENCE,ACCOUNTING
TX034569,FX_DIFFERENCE,ACCOUNTING
TX034654,FX_DIFFERENCE,ACCOUNTING
TX035013,FX_DIFFERENCE,ACCOUNTING
TX035381,FX_DIFFERENCE,ACCOUNTING
TX035550,FX_DIFFERENCE,ACCOUNTING
TX035724,FX_DIFFERENCE,ACCOUNTING
TX035776,FX_DIFFERENCE,ACCOUNTING
TX035779,FX_DIFFERENCE,ACCOUNTING
TX035857,FX_DIFFERENCE,ACCOUNTING
TX035858,FX_DIFFERENCE,ACCOUNTING
TX036365,FX_DIFFERENCE,ACCOUNTING
TX036420,FX_DIFFERENCE,ACCOUNTING
TX036756,FX_DIFFERENCE,ACCOUNTING
TX037410,FX_DIFFERENCE,ACCOUNTING
TX037682,FX_DIFFERENCE,ACCOUNTING
TX037831,FX_DIFFERENCE,ACCOUNTING
TX037937,FX_DIFFERENCE,ACCOUNTING
TX038035,FX_DIFFERENCE,ACCOUNTING
TX038222,FX_DIFFERENCE,ACCOUNTING
TX038393,FX_DIFFERENCE,ACCOUNTING
TX038505,FX_DIFFERENCE,ACCOUNTING
TX038596,FX_DIFFERENCE,ACCOUNTING
TX038710,FX_DIFFERENCE,ACCOUNTING
TX038794,FX_DIFFERENCE,ACCOUNTING
TX039102,FX_DIFFERENCE,ACCOUNTING
TX039323,FX_DIFFERENCE,ACCOUNTING
TX039961,FX_DIFFERENCE,ACCOUNTING
TX040060,FX_DIFFERENCE,ACCOUNTING
TX040728,FX_DIFFERENCE,ACCOUNTING
TX041108,FX_DIFFERENCE,ACCOUNTING
TX041111,FX_DIFFERENCE,ACCOUNTING
TX041177,FX_DIFFERENCE,ACCOUNTING
TX041289,FX_DIFFERENCE,ACCOUNTING
TX041832,FX_DIFFERENCE,ACCOUNTING
TX042399,FX_DIFFERENCE,ACCOUNTING
TX042602,FX_DIFFERENCE,ACCOUNTING
TX042704,FX_DIFFERENCE,ACCOUNTING
TX042778,FX_DIFFERENCE,ACCOUNTING
TX043259,FX_DIFFERENCE,ACCOUNTING
TX043493,FX_DIFFERENCE,ACCOUNTING
TX043658,FX_DIFFERENCE,ACCOUNTING
TX043733,FX_DIFFERENCE,ACCOUNTING
TX043745,FX_DIFFERENCE,ACCOUNTING
TX044070,FX_DIFFERENCE,ACCOUNTING
TX044816,FX_DIFFERENCE,ACCOUNTING
TX044918,FX_DIFFERENCE,ACCOUNTING
TX045277,FX_DIFFERENCE,ACCOUNTING
TX045388,FX_DIFFERENCE,ACCOUNTING
TX045506,FX_DIFFERENCE,ACCOUNTING
TX045542,FX_DIFFERENCE,ACCOUNTING
TX045594,FX_DIFFERENCE,ACCOUNTING
TX045688,FX_DIFFERENCE,ACCOUNTING
TX045692,FX_DIFFERENCE,ACCOUNTING
TX045874,FX_DIFFERENCE,ACCOUNTING
TX046094,FX_DIFFERENCE,ACCOUNTING
TX046828,FX_DIFFERENCE,ACCOUNTING
TX046925,FX_DIFFERENCE,ACCOUNTING
TX047111,FX_DIFFERENCE,ACCOUNTING
TX047144,FX_DIFFERENCE,ACCOUNTING
TX047180,FX_DIFFERENCE,ACCOUNTING
TX047232,FX_DIFFERENCE,ACCOUNTING
TX047269,FX_DIFFERENCE,ACCOUNTING
TX047570,FX_DIFFERENCE,ACCOUNTING
TX047814,FX_DIFFERENCE,ACCOUNTING
TX048594,FX_DIFFERENCE,ACCOUNTING
TX048631,FX_DIFFERENCE,ACCOUNTING
TX048654,FX_DIFFERENCE,ACCOUNTING
TX048897,FX_DIFFERENCE,ACCOUNTING
TX049584,FX_DIFFERENCE,ACCOUNTING
TX049909,FX_DIFFERENCE,ACCOUNTING
TX049942,FX_DIFFERENCE,ACCOUNTING
TX049944,FX_DIFFERENCE,ACCOUNTING
TX049947,FX_DIFFERENCE,ACCOUNTING
TX000678,MAPPING_ERROR,ACCOUNTING
TX001079,MAPPING_ERROR,ACCOUNTING
TX001235,MAPPING_ERROR,ACCOUNTING
TX001337,MAPPING_ERROR,ACCOUNTING
TX001595,MAPPING_ERROR,ACCOUNTING
TX001597,MAPPING_ERROR,ACCOUNTING
TX001873,MAPPING_ERROR,ACCOUNTING
TX002328,MAPPING_ERROR,ACCOUNTING
TX002623,MAPPING_ERROR,ACCOUNTING
TX002874,MAPPING_ERROR,ACCOUNTING
TX003295,MAPPING_ERROR,ACCOUNTING
TX003574,MAPPING_ERROR,ACCOUNTING
TX003899,MAPPING_ERROR,ACCOUNTING
TX003920,MAPPING_ERROR,ACCOUNTING
TX003988,MAPPING_ERROR,ACCOUNTING
TX004428,MAPPING_ERROR,ACCOUNTING
TX004851,MAPPING_ERROR,ACCOUNTING
TX005126,MAPPING_ERROR,ACCOUNTING
TX005165,MAPPING_ERROR,ACCOUNTING
TX005211,MAPPING_ERROR,ACCOUNTING
TX005491,MAPPING_ERROR,ACCOUNTING
TX005754,MAPPING_ERROR,ACCOUNTING
TX005764,MAPPING_ERROR,ACCOUNTING
TX005868,MAPPING_ERROR,ACCOUNTING
TX006048,MAPPING_ERROR,ACCOUNTING
TX006871,MAPPING_ERROR,ACCOUNTING
TX006919,MAPPING_ERROR,ACCOUNTING
TX007065,MAPPING_ERROR,ACCOUNTING
TX007738,MAPPING_ERROR,ACCOUNTING
TX008326,MAPPING_ERROR,ACCOUNTING
TX008746,MAPPING_ERROR,ACCOUNTING
TX009834,MAPPING_ERROR,ACCOUNTING
TX009936,MAPPING_ERROR,ACCOUNTING
TX010300,MAPPING_ERROR,ACCOUNTING
TX010981,MAPPING_ERROR,ACCOUNTING
TX011064,MAPPING_ERROR,ACCOUNTING
TX011141,MAPPING_ERROR,ACCOUNTING
TX011179,MAPPING_ERROR,ACCOUNTING
TX011552,MAPPING_ERROR,ACCOUNTING
TX011690,MAPPING_ERROR,ACCOUNTING
TX012128,MAPPING_ERROR,ACCOUNTING
TX012495,MAPPING_ERROR,ACCOUNTING
TX013628,MAPPING_ERROR,ACCOUNTING
TX014270,MAPPING_ERROR,ACCOUNTING
TX014385,MAPPING_ERROR,ACCOUNTING
TX014417,MAPPING_ERROR,ACCOUNTING
TX014512,MAPPING_ERROR,ACCOUNTING
TX015468,MAPPING_ERROR,ACCOUNTING
TX015490,MAPPING_ERROR,ACCOUNTING
TX015586,MAPPING_ERROR,ACCOUNTING
TX016100,MAPPING_ERROR,ACCOUNTING
TX016440,MAPPING_ERROR,ACCOUNTING
TX016651,MAPPING_ERROR,ACCOUNTING
TX016720,MAPPING_ERROR,ACCOUNTING
TX017627,MAPPING_ERROR,ACCOUNTING
TX017830,MAPPING_ERROR,ACCOUNTING
TX017990,MAPPING_ERROR,ACCOUNTING
TX018753,MAPPING_ERROR,ACCOUNTING
TX018972,MAPPING_ERROR,ACCOUNTING
TX019345,MAPPING_ERROR,ACCOUNTING
TX019603,MAPPING_ERROR,ACCOUNTING
TX019861,MAPPING_ERROR,ACCOUNTING
TX019992,MAPPING_ERROR,ACCOUNTING
TX020343,MAPPING_ERROR,ACCOUNTING
TX020744,MAPPING_ERROR,ACCOUNTING
TX020840,MAPPING_ERROR,ACCOUNTING
TX021673,MAPPING_ERROR,ACCOUNTING
TX021917,MAPPING_ERROR,ACCOUNTING
TX022081,MAPPING_ERROR,ACCOUNTING
TX022196,MAPPING_ERROR,ACCOUNTING
TX022541,MAPPING_ERROR,ACCOUNTING
TX022759,MAPPING_ERROR,ACCOUNTING
TX023016,MAPPING_ERROR,ACCOUNTING
TX023046,MAPPING_ERROR,ACCOUNTING
TX023398,MAPPING_ERROR,ACCOUNTING
TX023528,MAPPING_ERROR,ACCOUNTING
TX023711,MAPPING_ERROR,ACCOUNTING
TX023761,MAPPING_ERROR,ACCOUNTING
TX023984,MAPPING_ERROR,ACCOUNTING
TX024732,MAPPING_ERROR,ACCOUNTING
TX025433,MAPPING_ERROR,ACCOUNTING
TX025493,MAPPING_ERROR,ACCOUNTING
TX025824,MAPPING_ERROR,ACCOUNTING
TX026124,MAPPING_ERROR,ACCOUNTING
TX026764,MAPPING_ERROR,ACCOUNTING
TX027057,MAPPING_ERROR,ACCOUNTING
TX027392,MAPPING_ERROR,ACCOUNTING
TX028083,MAPPING_ERROR,ACCOUNTING
TX028120,MAPPING_ERROR,ACCOUNTING
TX028467,MAPPING_ERROR,ACCOUNTING
TX028549,MAPPING_ERROR,ACCOUNTING
TX028780,MAPPING_ERROR,ACCOUNTING
TX029750,MAPPING_ERROR,ACCOUNTING
TX029948,MAPPING_ERROR,ACCOUNTING
TX030528,MAPPING_ERROR,ACCOUNTING
TX030552,MAPPING_ERROR,ACCOUNTING
TX030731,MAPPING_ERROR,ACCOUNTING
TX031236,MAPPING_ERROR,ACCOUNTING
TX031435,MAPPING_ERROR,ACCOUNTING
TX031780,MAPPING_ERROR,ACCOUNTING
TX033366,MAPPING_ERROR,ACCOUNTING
TX033818,MAPPING_ERROR,ACCOUNTING
TX034715,MAPPING_ERROR,ACCOUNTING
TX035762,MAPPING_ERROR,ACCOUNTING
TX035768,MAPPING_ERROR,ACCOUNTING
TX036271,MAPPING_ERROR,ACCOUNTING
TX036590,MAPPING_ERROR,ACCOUNTING
TX036643,MAPPING_ERROR,ACCOUNTING
TX037028,MAPPING_ERROR,ACCOUNTING
TX037257,MAPPING_ERROR,ACCOUNTING
TX037668,MAPPING_ERROR,ACCOUNTING
TX037830,MAPPING_ERROR,ACCOUNTING
TX038113,MAPPING_ERROR,ACCOUNTING
TX039423,MAPPING_ERROR,ACCOUNTING
TX039842,MAPPING_ERROR,ACCOUNTING
TX040065,MAPPING_ERROR,ACCOUNTING
TX040394,MAPPING_ERROR,ACCOUNTING
TX040515,MAPPING_ERROR,ACCOUNTING
TX040745,MAPPING_ERROR,ACCOUNTING
TX040869,MAPPING_ERROR,ACCOUNTING
TX041105,MAPPING_ERROR,ACCOUNTING
TX041796,MAPPING_ERROR,ACCOUNTING
TX042135,MAPPING_ERROR,ACCOUNTING
TX042609,MAPPING_ERROR,ACCOUNTING
TX042783,MAPPING_ERROR,ACCOUNTING
TX042847,MAPPING_ERROR,ACCOUNTING
TX042951,MAPPING_ERROR,ACCOUNTING
TX043097,MAPPING_ERROR,ACCOUNTING
TX043565,MAPPING_ERROR,ACCOUNTING
TX043684,MAPPING_ERROR,ACCOUNTING
TX044188,MAPPING_ERROR,ACCOUNTING
TX044336,MAPPING_ERROR,ACCOUNTING
TX044361,MAPPING_ERROR,ACCOUNTING
TX044378,MAPPING_ERROR,ACCOUNTING
TX044433,MAPPING_ERROR,ACCOUNTING
TX045239,MAPPING_ERROR,ACCOUNTING
TX045443,MAPPING_ERROR,ACCOUNTING
TX045632,MAPPING_ERROR,ACCOUNTING
TX045773,MAPPING_ERROR,ACCOUNTING
TX046107,MAPPING_ERROR,ACCOUNTING
TX046301,MAPPING_ERROR,ACCOUNTING
TX046426,MAPPING_ERROR,ACCOUNTING
TX046915,MAPPING_ERROR,ACCOUNTING
TX046935,MAPPING_ERROR,ACCOUNTING
TX048036,MAPPING_ERROR,ACCOUNTING
TX048339,MAPPING_ERROR,ACCOUNTING
TX048719,MAPPING_ERROR,ACCOUNTING
TX049154,MAPPING_ERROR,ACCOUNTING
TX049203,MAPPING_ERROR,ACCOUNTING
TX049214,MAPPING_ERROR,ACCOUNTING
TX000102,MISSING_IN_ACCOUNTING,ACCOUNTING
TX000138,MISSING_IN_ACCOUNTING,ACCOUNTING
TX000218,MISSING_IN_ACCOUNTING,ACCOUNTING
TX000289,MISSING_IN_ACCOUNTING,ACCOUNTING
TX000294,MISSING_IN_ACCOUNTING,ACCOUNTING
TX000377,MISSING_IN_ACCOUNTING,ACCOUNTING
TX000420,MISSING_IN_ACCOUNTING,ACCOUNTING
TX000575,MISSING_IN_ACCOUNTING,ACCOUNTING
TX000672,MISSING_IN_ACCOUNTING,ACCOUNTING
TX000720,MISSING_IN_ACCOUNTING,ACCOUNTING
TX000882,MISSING_IN_ACCOUNTING,ACCOUNTING
TX001049,MISSING_IN_ACCOUNTING,ACCOUNTING
TX001130,MISSING_IN_ACCOUNTING,ACCOUNTING
TX001204,MISSING_IN_ACCOUNTING,ACCOUNTING
TX001275,MISSING_IN_ACCOUNTING,ACCOUNTING
TX001880,MISSING_IN_ACCOUNTING,ACCOUNTING
TX001925,MISSING_IN_ACCOUNTING,ACCOUNTING
TX001977,MISSING_IN_ACCOUNTING,ACCOUNTING
TX001989,MISSING_IN_ACCOUNTING,ACCOUNTING
TX002072,MISSING_IN_ACCOUNTING,ACCOUNTING
TX002212,MISSING_IN_ACCOUNTING,ACCOUNTING
TX002340,MISSING_IN_ACCOUNTING,ACCOUNTING
TX002348,MISSING_IN_ACCOUNTING,ACCOUNTING
TX002611,MISSING_IN_ACCOUNTING,ACCOUNTING
TX002630,MISSING_IN_ACCOUNTING,ACCOUNTING
TX003080,MISSING_IN_ACCOUNTING,ACCOUNTING
TX003130,MISSING_IN_ACCOUNTING,ACCOUNTING
TX003170,MISSING_IN_ACCOUNTING,ACCOUNTING
TX003223,MISSING_IN_ACCOUNTING,ACCOUNTING
TX003330,MISSING_IN_ACCOUNTING,ACCOUNTING
TX003345,MISSING_IN_ACCOUNTING,ACCOUNTING
TX003400,MISSING_IN_ACCOUNTING,ACCOUNTING
TX003629,MISSING_IN_ACCOUNTING,ACCOUNTING
TX003770,MISSING_IN_ACCOUNTING,ACCOUNTING
TX003840,MISSING_IN_ACCOUNTING,ACCOUNTING
TX004101,MISSING_IN_ACCOUNTING,ACCOUNTING
TX004107,MISSING_IN_ACCOUNTING,ACCOUNTING
TX004122,MISSING_IN_ACCOUNTING,ACCOUNTING
TX004146,MISSING_IN_ACCOUNTING,ACCOUNTING
TX004296,MISSING_IN_ACCOUNTING,ACCOUNTING
TX004420,MISSING_IN_ACCOUNTING,ACCOUNTING
TX004538,MISSING_IN_ACCOUNTING,ACCOUNTING
TX004893,MISSING_IN_ACCOUNTING,ACCOUNTING
TX004990,MISSING_IN_ACCOUNTING,ACCOUNTING
TX005011,MISSING_IN_ACCOUNTING,ACCOUNTING
TX005015,MISSING_IN_ACCOUNTING,ACCOUNTING
TX005172,MISSING_IN_ACCOUNTING,ACCOUNTING
TX005197,MISSING_IN_ACCOUNTING,ACCOUNTING
TX005339,MISSING_IN_ACCOUNTING,ACCOUNTING
TX005396,MISSING_IN_ACCOUNTING,ACCOUNTING
TX005575,MISSING_IN_ACCOUNTING,ACCOUNTING
TX005583,MISSING_IN_ACCOUNTING,ACCOUNTING
TX006123,MISSING_IN_ACCOUNTING,ACCOUNTING
TX006261,MISSING_IN_ACCOUNTING,ACCOUNTING
TX006394,MISSING_IN_ACCOUNTING,ACCOUNTING
TX006403,MISSING_IN_ACCOUNTING,ACCOUNTING
TX006501,MISSING_IN_ACCOUNTING,ACCOUNTING
TX006559,MISSING_IN_ACCOUNTING,ACCOUNTING
TX006727,MISSING_IN_ACCOUNTING,ACCOUNTING
TX006757,MISSING_IN_ACCOUNTING,ACCOUNTING
TX006825,MISSING_IN_ACCOUNTING,ACCOUNTING
TX006838,MISSING_IN_ACCOUNTING,ACCOUNTING
TX006844,MISSING_IN_ACCOUNTING,ACCOUNTING
TX006859,MISSING_IN_ACCOUNTING,ACCOUNTING
TX007005,MISSING_IN_ACCOUNTING,ACCOUNTING
TX007251,MISSING_IN_ACCOUNTING,ACCOUNTING
TX007305,MISSING_IN_ACCOUNTING,ACCOUNTING
TX007328,MISSING_IN_ACCOUNTING,ACCOUNTING
TX007576,MISSING_IN_ACCOUNTING,ACCOUNTING
TX007854,MISSING_IN_ACCOUNTING,ACCOUNTING
TX007859,MISSING_IN_ACCOUNTING,ACCOUNTING
TX007898,MISSING_IN_ACCOUNTING,ACCOUNTING
TX007923,MISSING_IN_ACCOUNTING,ACCOUNTING
TX008080,MISSING_IN_ACCOUNTING,ACCOUNTING
TX008168,MISSING_IN_ACCOUNTING,ACCOUNTING
TX008448,MISSING_IN_ACCOUNTING,ACCOUNTING
TX008522,MISSING_IN_ACCOUNTING,ACCOUNTING
TX008617,MISSING_IN_ACCOUNTING,ACCOUNTING
TX008661,MISSING_IN_ACCOUNTING,ACCOUNTING
TX008678,MISSING_IN_ACCOUNTING,ACCOUNTING
TX008823,MISSING_IN_ACCOUNTING,ACCOUNTING
TX008973,MISSING_IN_ACCOUNTING,ACCOUNTING
TX009069,MISSING_IN_ACCOUNTING,ACCOUNTING
TX009180,MISSING_IN_ACCOUNTING,ACCOUNTING
TX009186,MISSING_IN_ACCOUNTING,ACCOUNTING
TX009262,MISSING_IN_ACCOUNTING,ACCOUNTING
TX009277,MISSING_IN_ACCOUNTING,ACCOUNTING
TX009410,MISSING_IN_ACCOUNTING,ACCOUNTING
TX009515,MISSING_IN_ACCOUNTING,ACCOUNTING
TX009993,MISSING_IN_ACCOUNTING,ACCOUNTING
TX010036,MISSING_IN_ACCOUNTING,ACCOUNTING
TX010144,MISSING_IN_ACCOUNTING,ACCOUNTING
TX010169,MISSING_IN_ACCOUNTING,ACCOUNTING
TX010251,MISSING_IN_ACCOUNTING,ACCOUNTING
TX010488,MISSING_IN_ACCOUNTING,ACCOUNTING
TX010808,MISSING_IN_ACCOUNTING,ACCOUNTING
TX011073,MISSING_IN_ACCOUNTING,ACCOUNTING
TX011459,MISSING_IN_ACCOUNTING,ACCOUNTING
TX011499,MISSING_IN_ACCOUNTING,ACCOUNTING
TX011623,MISSING_IN_ACCOUNTING,ACCOUNTING
TX011845,MISSING_IN_ACCOUNTING,ACCOUNTING
TX011926,MISSING_IN_ACCOUNTING,ACCOUNTING
TX012135,MISSING_IN_ACCOUNTING,ACCOUNTING
TX012159,MISSING_IN_ACCOUNTING,ACCOUNTING
TX012259,MISSING_IN_ACCOUNTING,ACCOUNTING
TX012279,MISSING_IN_ACCOUNTING,ACCOUNTING
TX012475,MISSING_IN_ACCOUNTING,ACCOUNTING
TX012540,MISSING_IN_ACCOUNTING,ACCOUNTING
TX012595,MISSING_IN_ACCOUNTING,ACCOUNTING
TX012624,MISSING_IN_ACCOUNTING,ACCOUNTING
TX012673,MISSING_IN_ACCOUNTING,ACCOUNTING
TX012698,MISSING_IN_ACCOUNTING,ACCOUNTING
TX012892,MISSING_IN_ACCOUNTING,ACCOUNTING
TX012898,MISSING_IN_ACCOUNTING,ACCOUNTING
TX012946,MISSING_IN_ACCOUNTING,ACCOUNTING
TX012988,MISSING_IN_ACCOUNTING,ACCOUNTING
TX013224,MISSING_IN_ACCOUNTING,ACCOUNTING
TX013245,MISSING_IN_ACCOUNTING,ACCOUNTING
TX013569,MISSING_IN_ACCOUNTING,ACCOUNTING
TX013619,MISSING_IN_ACCOUNTING,ACCOUNTING
TX013714,MISSING_IN_ACCOUNTING,ACCOUNTING
TX013755,MISSING_IN_ACCOUNTING,ACCOUNTING
TX013818,MISSING_IN_ACCOUNTING,ACCOUNTING
TX013865,MISSING_IN_ACCOUNTING,ACCOUNTING
TX013866,MISSING_IN_ACCOUNTING,ACCOUNTING
TX013910,MISSING_IN_ACCOUNTING,ACCOUNTING
TX014142,MISSING_IN_ACCOUNTING,ACCOUNTING
TX014173,MISSING_IN_ACCOUNTING,ACCOUNTING
TX014322,MISSING_IN_ACCOUNTING,ACCOUNTING
TX014326,MISSING_IN_ACCOUNTING,ACCOUNTING
TX014465,MISSING_IN_ACCOUNTING,ACCOUNTING
TX014770,MISSING_IN_ACCOUNTING,ACCOUNTING
TX014835,MISSING_IN_ACCOUNTING,ACCOUNTING
TX015050,MISSING_IN_ACCOUNTING,ACCOUNTING
TX015207,MISSING_IN_ACCOUNTING,ACCOUNTING
TX015208,MISSING_IN_ACCOUNTING,ACCOUNTING
TX015238,MISSING_IN_ACCOUNTING,ACCOUNTING
TX015434,MISSING_IN_ACCOUNTING,ACCOUNTING
TX015463,MISSING_IN_ACCOUNTING,ACCOUNTING
TX015489,MISSING_IN_ACCOUNTING,ACCOUNTING
TX015559,MISSING_IN_ACCOUNTING,ACCOUNTING
TX015658,MISSING_IN_ACCOUNTING,ACCOUNTING
TX016305,MISSING_IN_ACCOUNTING,ACCOUNTING
TX016521,MISSING_IN_ACCOUNTING,ACCOUNTING
TX016582,MISSING_IN_ACCOUNTING,ACCOUNTING
TX016593,MISSING_IN_ACCOUNTING,ACCOUNTING
TX016810,MISSING_IN_ACCOUNTING,ACCOUNTING
TX016928,MISSING_IN_ACCOUNTING,ACCOUNTING
TX017114,MISSING_IN_ACCOUNTING,ACCOUNTING
TX017502,MISSING_IN_ACCOUNTING,ACCOUNTING
TX017745,MISSING_IN_ACCOUNTING,ACCOUNTING
TX017885,MISSING_IN_ACCOUNTING,ACCOUNTING
TX018013,MISSING_IN_ACCOUNTING,ACCOUNTING
TX018031,MISSING_IN_ACCOUNTING,ACCOUNTING
TX018051,MISSING_IN_ACCOUNTING,ACCOUNTING
TX018128,MISSING_IN_ACCOUNTING,ACCOUNTING
TX018302,MISSING_IN_ACCOUNTING,ACCOUNTING
TX018551,MISSING_IN_ACCOUNTING,ACCOUNTING
TX018615,MISSING_IN_ACCOUNTING,ACCOUNTING
TX018762,MISSING_IN_ACCOUNTING,ACCOUNTING
TX018841,MISSING_IN_ACCOUNTING,ACCOUNTING
TX018988,MISSING_IN_ACCOUNTING,ACCOUNTING
TX019014,MISSING_IN_ACCOUNTING,ACCOUNTING
TX019115,MISSING_IN_ACCOUNTING,ACCOUNTING
TX019156,MISSING_IN_ACCOUNTING,ACCOUNTING
TX019178,MISSING_IN_ACCOUNTING,ACCOUNTING
TX019235,MISSING_IN_ACCOUNTING,ACCOUNTING
TX019371,MISSING_IN_ACCOUNTING,ACCOUNTING
TX019393,MISSING_IN_ACCOUNTING,ACCOUNTING
TX019404,MISSING_IN_ACCOUNTING,ACCOUNTING
TX019409,MISSING_IN_ACCOUNTING,ACCOUNTING
TX019508,MISSING_IN_ACCOUNTING,ACCOUNTING
TX019649,MISSING_IN_ACCOUNTING,ACCOUNTING
TX019680,MISSING_IN_ACCOUNTING,ACCOUNTING
TX019807,MISSING_IN_ACCOUNTING,ACCOUNTING
TX019927,MISSING_IN_ACCOUNTING,ACCOUNTING
TX019930,MISSING_IN_ACCOUNTING,ACCOUNTING
TX020237,MISSING_IN_ACCOUNTING,ACCOUNTING
TX020295,MISSING_IN_ACCOUNTING,ACCOUNTING
TX020352,MISSING_IN_ACCOUNTING,ACCOUNTING
TX020630,MISSING_IN_ACCOUNTING,ACCOUNTING
TX020672,MISSING_IN_ACCOUNTING,ACCOUNTING
TX020694,MISSING_IN_ACCOUNTING,ACCOUNTING
TX020887,MISSING_IN_ACCOUNTING,ACCOUNTING
TX020994,MISSING_IN_ACCOUNTING,ACCOUNTING
TX021233,MISSING_IN_ACCOUNTING,ACCOUNTING
TX021846,MISSING_IN_ACCOUNTING,ACCOUNTING
TX021894,MISSING_IN_ACCOUNTING,ACCOUNTING
TX022245,MISSING_IN_ACCOUNTING,ACCOUNTING
TX022382,MISSING_IN_ACCOUNTING,ACCOUNTING
TX022466,MISSING_IN_ACCOUNTING,ACCOUNTING
TX022467,MISSING_IN_ACCOUNTING,ACCOUNTING
TX022650,MISSING_IN_ACCOUNTING,ACCOUNTING
TX022663,MISSING_IN_ACCOUNTING,ACCOUNTING
TX022751,MISSING_IN_ACCOUNTING,ACCOUNTING
TX022841,MISSING_IN_ACCOUNTING,ACCOUNTING
TX022869,MISSING_IN_ACCOUNTING,ACCOUNTING
TX022870,MISSING_IN_ACCOUNTING,ACCOUNTING
TX022910,MISSING_IN_ACCOUNTING,ACCOUNTING
TX022922,MISSING_IN_ACCOUNTING,ACCOUNTING
TX022963,MISSING_IN_ACCOUNTING,ACCOUNTING
TX023193,MISSING_IN_ACCOUNTING,ACCOUNTING
TX023372,MISSING_IN_ACCOUNTING,ACCOUNTING
TX023438,MISSING_IN_ACCOUNTING,ACCOUNTING
TX023560,MISSING_IN_ACCOUNTING,ACCOUNTING
TX023727,MISSING_IN_ACCOUNTING,ACCOUNTING
TX023776,MISSING_IN_ACCOUNTING,ACCOUNTING
TX023815,MISSING_IN_ACCOUNTING,ACCOUNTING
TX023873,MISSING_IN_ACCOUNTING,ACCOUNTING
TX023909,MISSING_IN_ACCOUNTING,ACCOUNTING
TX023979,MISSING_IN_ACCOUNTING,ACCOUNTING
TX024021,MISSING_IN_ACCOUNTING,ACCOUNTING
TX024050,MISSING_IN_ACCOUNTING,ACCOUNTING
TX024238,MISSING_IN_ACCOUNTING,ACCOUNTING
TX024662,MISSING_IN_ACCOUNTING,ACCOUNTING
TX024693,MISSING_IN_ACCOUNTING,ACCOUNTING
TX024781,MISSING_IN_ACCOUNTING,ACCOUNTING
TX024936,MISSING_IN_ACCOUNTING,ACCOUNTING
TX025032,MISSING_IN_ACCOUNTING,ACCOUNTING
TX025251,MISSING_IN_ACCOUNTING,ACCOUNTING
TX025306,MISSING_IN_ACCOUNTING,ACCOUNTING
TX025380,MISSING_IN_ACCOUNTING,ACCOUNTING
TX025381,MISSING_IN_ACCOUNTING,ACCOUNTING
TX025391,MISSING_IN_ACCOUNTING,ACCOUNTING
TX025434,MISSING_IN_ACCOUNTING,ACCOUNTING
TX025702,MISSING_IN_ACCOUNTING,ACCOUNTING
TX025771,MISSING_IN_ACCOUNTING,ACCOUNTING
TX025830,MISSING_IN_ACCOUNTING,ACCOUNTING
TX025852,MISSING_IN_ACCOUNTING,ACCOUNTING
TX026042,MISSING_IN_ACCOUNTING,ACCOUNTING
TX026059,MISSING_IN_ACCOUNTING,ACCOUNTING
TX026319,MISSING_IN_ACCOUNTING,ACCOUNTING
TX026412,MISSING_IN_ACCOUNTING,ACCOUNTING
TX026454,MISSING_IN_ACCOUNTING,ACCOUNTING
TX026583,MISSING_IN_ACCOUNTING,ACCOUNTING
TX026598,MISSING_IN_ACCOUNTING,ACCOUNTING
TX026748,MISSING_IN_ACCOUNTING,ACCOUNTING
TX026759,MISSING_IN_ACCOUNTING,ACCOUNTING
TX027002,MISSING_IN_ACCOUNTING,ACCOUNTING
TX027044,MISSING_IN_ACCOUNTING,ACCOUNTING
TX027110,MISSING_IN_ACCOUNTING,ACCOUNTING
TX027274,MISSING_IN_ACCOUNTING,ACCOUNTING
TX027498,MISSING_IN_ACCOUNTING,ACCOUNTING
TX027524,MISSING_IN_ACCOUNTING,ACCOUNTING
TX027714,MISSING_IN_ACCOUNTING,ACCOUNTING
TX027775,MISSING_IN_ACCOUNTING,ACCOUNTING
TX027947,MISSING_IN_ACCOUNTING,ACCOUNTING
TX027954,MISSING_IN_ACCOUNTING,ACCOUNTING
TX028109,MISSING_IN_ACCOUNTING,ACCOUNTING
TX028336,MISSING_IN_ACCOUNTING,ACCOUNTING
TX028480,MISSING_IN_ACCOUNTING,ACCOUNTING
TX028753,MISSING_IN_ACCOUNTING,ACCOUNTING
TX028788,MISSING_IN_ACCOUNTING,ACCOUNTING
TX028942,MISSING_IN_ACCOUNTING,ACCOUNTING
TX029200,MISSING_IN_ACCOUNTING,ACCOUNTING
TX029467,MISSING_IN_ACCOUNTING,ACCOUNTING
TX029687,MISSING_IN_ACCOUNTING,ACCOUNTING
TX029876,MISSING_IN_ACCOUNTING,ACCOUNTING
TX030262,MISSING_IN_ACCOUNTING,ACCOUNTING
TX030291,MISSING_IN_ACCOUNTING,ACCOUNTING
TX030522,MISSING_IN_ACCOUNTING,ACCOUNTING
TX030590,MISSING_IN_ACCOUNTING,ACCOUNTING
TX030626,MISSING_IN_ACCOUNTING,ACCOUNTING
TX030758,MISSING_IN_ACCOUNTING,ACCOUNTING
TX030794,MISSING_IN_ACCOUNTING,ACCOUNTING
TX030828,MISSING_IN_ACCOUNTING,ACCOUNTING
TX030925,MISSING_IN_ACCOUNTING,ACCOUNTING
TX031028,MISSING_IN_ACCOUNTING,ACCOUNTING
TX031122,MISSING_IN_ACCOUNTING,ACCOUNTING
TX031215,MISSING_IN_ACCOUNTING,ACCOUNTING
TX031352,MISSING_IN_ACCOUNTING,ACCOUNTING
TX031618,MISSING_IN_ACCOUNTING,ACCOUNTING
TX031717,MISSING_IN_ACCOUNTING,ACCOUNTING
TX031873,MISSING_IN_ACCOUNTING,ACCOUNTING
TX032067,MISSING_IN_ACCOUNTING,ACCOUNTING
TX032275,MISSING_IN_ACCOUNTING,ACCOUNTING
TX032410,MISSING_IN_ACCOUNTING,ACCOUNTING
TX032435,MISSING_IN_ACCOUNTING,ACCOUNTING
TX032487,MISSING_IN_ACCOUNTING,ACCOUNTING
TX033084,MISSING_IN_ACCOUNTING,ACCOUNTING
TX033266,MISSING_IN_ACCOUNTING,ACCOUNTING
TX033324,MISSING_IN_ACCOUNTING,ACCOUNTING
TX033350,MISSING_IN_ACCOUNTING,ACCOUNTING
TX033448,MISSING_IN_ACCOUNTING,ACCOUNTING
TX033460,MISSING_IN_ACCOUNTING,ACCOUNTING
TX033492,MISSING_IN_ACCOUNTING,ACCOUNTING
TX033723,MISSING_IN_ACCOUNTING,ACCOUNTING
TX033767,MISSING_IN_ACCOUNTING,ACCOUNTING
TX033793,MISSING_IN_ACCOUNTING,ACCOUNTING
TX033880,MISSING_IN_ACCOUNTING,ACCOUNTING
TX033988,MISSING_IN_ACCOUNTING,ACCOUNTING
TX034071,MISSING_IN_ACCOUNTING,ACCOUNTING
TX034152,MISSING_IN_ACCOUNTING,ACCOUNTING
TX034178,MISSING_IN_ACCOUNTING,ACCOUNTING
TX034326,MISSING_IN_ACCOUNTING,ACCOUNTING
TX034460,MISSING_IN_ACCOUNTING,ACCOUNTING
TX034498,MISSING_IN_ACCOUNTING,ACCOUNTING
TX034543,MISSING_IN_ACCOUNTING,ACCOUNTING
TX034552,MISSING_IN_ACCOUNTING,ACCOUNTING
TX034720,MISSING_IN_ACCOUNTING,ACCOUNTING
TX034847,MISSING_IN_ACCOUNTING,ACCOUNTING
TX034968,MISSING_IN_ACCOUNTING,ACCOUNTING
TX034969,MISSING_IN_ACCOUNTING,ACCOUNTING
TX035068,MISSING_IN_ACCOUNTING,ACCOUNTING
TX035111,MISSING_IN_ACCOUNTING,ACCOUNTING
TX035118,MISSING_IN_ACCOUNTING,ACCOUNTING
TX035136,MISSING_IN_ACCOUNTING,ACCOUNTING
TX035280,MISSING_IN_ACCOUNTING,ACCOUNTING
TX035305,MISSING_IN_ACCOUNTING,ACCOUNTING
TX035392,MISSING_IN_ACCOUNTING,ACCOUNTING
TX035592,MISSING_IN_ACCOUNTING,ACCOUNTING
TX035617,MISSING_IN_ACCOUNTING,ACCOUNTING
TX035707,MISSING_IN_ACCOUNTING,ACCOUNTING
TX035954,MISSING_IN_ACCOUNTING,ACCOUNTING
TX036003,MISSING_IN_ACCOUNTING,ACCOUNTING
TX036055,MISSING_IN_ACCOUNTING,ACCOUNTING
TX036131,MISSING_IN_ACCOUNTING,ACCOUNTING
TX036270,MISSING_IN_ACCOUNTING,ACCOUNTING
TX036331,MISSING_IN_ACCOUNTING,ACCOUNTING
TX036430,MISSING_IN_ACCOUNTING,ACCOUNTING
TX036496,MISSING_IN_ACCOUNTING,ACCOUNTING
TX036518,MISSING_IN_ACCOUNTING,ACCOUNTING
TX036787,MISSING_IN_ACCOUNTING,ACCOUNTING
TX036804,MISSING_IN_ACCOUNTING,ACCOUNTING
TX036889,MISSING_IN_ACCOUNTING,ACCOUNTING
TX037099,MISSING_IN_ACCOUNTING,ACCOUNTING
TX037188,MISSING_IN_ACCOUNTING,ACCOUNTING
TX037264,MISSING_IN_ACCOUNTING,ACCOUNTING
TX037283,MISSING_IN_ACCOUNTING,ACCOUNTING
TX037457,MISSING_IN_ACCOUNTING,ACCOUNTING
TX037769,MISSING_IN_ACCOUNTING,ACCOUNTING
TX038053,MISSING_IN_ACCOUNTING,ACCOUNTING
TX038078,MISSING_IN_ACCOUNTING,ACCOUNTING
TX038174,MISSING_IN_ACCOUNTING,ACCOUNTING
TX038250,MISSING_IN_ACCOUNTING,ACCOUNTING
TX038266,MISSING_IN_ACCOUNTING,ACCOUNTING
TX038339,MISSING_IN_ACCOUNTING,ACCOUNTING
TX038382,MISSING_IN_ACCOUNTING,ACCOUNTING
TX038383,MISSING_IN_ACCOUNTING,ACCOUNTING
TX038412,MISSING_IN_ACCOUNTING,ACCOUNTING
TX038451,MISSING_IN_ACCOUNTING,ACCOUNTING
TX038551,MISSING_IN_ACCOUNTING,ACCOUNTING
TX038583,MISSING_IN_ACCOUNTING,ACCOUNTING
TX038598,MISSING_IN_ACCOUNTING,ACCOUNTING
TX038961,MISSING_IN_ACCOUNTING,ACCOUNTING
TX039005,MISSING_IN_ACCOUNTING,ACCOUNTING
TX039019,MISSING_IN_ACCOUNTING,ACCOUNTING
TX039022,MISSING_IN_ACCOUNTING,ACCOUNTING
TX039097,MISSING_IN_ACCOUNTING,ACCOUNTING
TX039231,MISSING_IN_ACCOUNTING,ACCOUNTING
TX039351,MISSING_IN_ACCOUNTING,ACCOUNTING
TX039516,MISSING_IN_ACCOUNTING,ACCOUNTING
TX039886,MISSING_IN_ACCOUNTING,ACCOUNTING
TX040052,MISSING_IN_ACCOUNTING,ACCOUNTING
TX040231,MISSING_IN_ACCOUNTING,ACCOUNTING
TX040249,MISSING_IN_ACCOUNTING,ACCOUNTING
TX040275,MISSING_IN_ACCOUNTING,ACCOUNTING
TX040522,MISSING_IN_ACCOUNTING,ACCOUNTING
TX040533,MISSING_IN_ACCOUNTING,ACCOUNTING
TX040605,MISSING_IN_ACCOUNTING,ACCOUNTING
TX040632,MISSING_IN_ACCOUNTING,ACCOUNTING
TX040748,MISSING_IN_ACCOUNTING,ACCOUNTING
TX040841,MISSING_IN_ACCOUNTING,ACCOUNTING
TX040914,MISSING_IN_ACCOUNTING,ACCOUNTING
TX040965,MISSING_IN_ACCOUNTING,ACCOUNTING
TX041022,MISSING_IN_ACCOUNTING,ACCOUNTING
TX041208,MISSING_IN_ACCOUNTING,ACCOUNTING
TX041260,MISSING_IN_ACCOUNTING,ACCOUNTING
TX041287,MISSING_IN_ACCOUNTING,ACCOUNTING
TX041430,MISSING_IN_ACCOUNTING,ACCOUNTING
TX041567,MISSING_IN_ACCOUNTING,ACCOUNTING
TX041656,MISSING_IN_ACCOUNTING,ACCOUNTING
TX041863,MISSING_IN_ACCOUNTING,ACCOUNTING
TX041981,MISSING_IN_ACCOUNTING,ACCOUNTING
TX042039,MISSING_IN_ACCOUNTING,ACCOUNTING
TX042156,MISSING_IN_ACCOUNTING,ACCOUNTING
TX042223,MISSING_IN_ACCOUNTING,ACCOUNTING
TX042286,MISSING_IN_ACCOUNTING,ACCOUNTING
TX042322,MISSING_IN_ACCOUNTING,ACCOUNTING
TX042341,MISSING_IN_ACCOUNTING,ACCOUNTING
TX042371,MISSING_IN_ACCOUNTING,ACCOUNTING
TX042418,MISSING_IN_ACCOUNTING,ACCOUNTING
TX042427,MISSING_IN_ACCOUNTING,ACCOUNTING
TX042635,MISSING_IN_ACCOUNTING,ACCOUNTING
TX042691,MISSING_IN_ACCOUNTING,ACCOUNTING
TX042723,MISSING_IN_ACCOUNTING,ACCOUNTING
TX042798,MISSING_IN_ACCOUNTING,ACCOUNTING
TX042821,MISSING_IN_ACCOUNTING,ACCOUNTING
TX042976,MISSING_IN_ACCOUNTING,ACCOUNTING
TX043289,MISSING_IN_ACCOUNTING,ACCOUNTING
TX043752,MISSING_IN_ACCOUNTING,ACCOUNTING
TX043834,MISSING_IN_ACCOUNTING,ACCOUNTING
TX043836,MISSING_IN_ACCOUNTING,ACCOUNTING
TX043885,MISSING_IN_ACCOUNTING,ACCOUNTING
TX043952,MISSING_IN_ACCOUNTING,ACCOUNTING
TX044007,MISSING_IN_ACCOUNTING,ACCOUNTING
TX044008,MISSING_IN_ACCOUNTING,ACCOUNTING
TX044579,MISSING_IN_ACCOUNTING,ACCOUNTING
TX044599,MISSING_IN_ACCOUNTING,ACCOUNTING
TX044641,MISSING_IN_ACCOUNTING,ACCOUNTING
TX044947,MISSING_IN_ACCOUNTING,ACCOUNTING
TX045377,MISSING_IN_ACCOUNTING,ACCOUNTING
TX045498,MISSING_IN_ACCOUNTING,ACCOUNTING
TX045557,MISSING_IN_ACCOUNTING,ACCOUNTING
TX045591,MISSING_IN_ACCOUNTING,ACCOUNTING
TX045600,MISSING_IN_ACCOUNTING,ACCOUNTING
TX045653,MISSING_IN_ACCOUNTING,ACCOUNTING
TX045677,MISSING_IN_ACCOUNTING,ACCOUNTING
TX045698,MISSING_IN_ACCOUNTING,ACCOUNTING
TX045720,MISSING_IN_ACCOUNTING,ACCOUNTING
TX045793,MISSING_IN_ACCOUNTING,ACCOUNTING
TX046023,MISSING_IN_ACCOUNTING,ACCOUNTING
TX046129,MISSING_IN_ACCOUNTING,ACCOUNTING
TX046184,MISSING_IN_ACCOUNTING,ACCOUNTING
TX046490,MISSING_IN_ACCOUNTING,ACCOUNTING
TX046796,MISSING_IN_ACCOUNTING,ACCOUNTING
TX047148,MISSING_IN_ACCOUNTING,ACCOUNTING
TX047319,MISSING_IN_ACCOUNTING,ACCOUNTING
TX047342,MISSING_IN_ACCOUNTING,ACCOUNTING
TX047361,MISSING_IN_ACCOUNTING,ACCOUNTING
TX047366,MISSING_IN_ACCOUNTING,ACCOUNTING
TX047383,MISSING_IN_ACCOUNTING,ACCOUNTING
TX047460,MISSING_IN_ACCOUNTING,ACCOUNTING
TX047469,MISSING_IN_ACCOUNTING,ACCOUNTING
TX047479,MISSING_IN_ACCOUNTING,ACCOUNTING
TX047562,MISSING_IN_ACCOUNTING,ACCOUNTING
TX047587,MISSING_IN_ACCOUNTING,ACCOUNTING
TX047741,MISSING_IN_ACCOUNTING,ACCOUNTING
TX047875,MISSING_IN_ACCOUNTING,ACCOUNTING
TX047883,MISSING_IN_ACCOUNTING,ACCOUNTING
TX048305,MISSING_IN_ACCOUNTING,ACCOUNTING
TX048403,MISSING_IN_ACCOUNTING,ACCOUNTING
TX048469,MISSING_IN_ACCOUNTING,ACCOUNTING
TX048513,MISSING_IN_ACCOUNTING,ACCOUNTING
TX048577,MISSING_IN_ACCOUNTING,ACCOUNTING
TX048668,MISSING_IN_ACCOUNTING,ACCOUNTING
TX048868,MISSING_IN_ACCOUNTING,ACCOUNTING
TX048881,MISSING_IN_ACCOUNTING,ACCOUNTING
TX048920,MISSING_IN_ACCOUNTING,ACCOUNTING
TX048992,MISSING_IN_ACCOUNTING,ACCOUNTING
TX049010,MISSING_IN_ACCOUNTING,ACCOUNTING
TX049118,MISSING_IN_ACCOUNTING,ACCOUNTING
TX049147,MISSING_IN_ACCOUNTING,ACCOUNTING
TX049235,MISSING_IN_ACCOUNTING,ACCOUNTING
TX049252,MISSING_IN_ACCOUNTING,ACCOUNTING
TX049338,MISSING_IN_ACCOUNTING,ACCOUNTING
TX049690,MISSING_IN_ACCOUNTING,ACCOUNTING
TX049790,MISSING_IN_ACCOUNTING,ACCOUNTING
TX049845,MISSING_IN_ACCOUNTING,ACCOUNTING
TX049853,MISSING_IN_ACCOUNTING,ACCOUNTING
TX000210,MISSING_IN_SOURCE,SOURCE
TX000356,MISSING_IN_SOURCE,SOURCE
TX000435,MISSING_IN_SOURCE,SOURCE
TX000755,MISSING_IN_SOURCE,SOURCE
TX001060,MISSING_IN_SOURCE,SOURCE
TX001107,MISSING_IN_SOURCE,SOURCE
TX001212,MISSING_IN_SOURCE,SOURCE
TX001773,MISSING_IN_SOURCE,SOURCE
TX001785,MISSING_IN_SOURCE,SOURCE
TX001946,MISSING_IN_SOURCE,SOURCE
TX001983,MISSING_IN_SOURCE,SOURCE
TX001992,MISSING_IN_SOURCE,SOURCE
TX002029,MISSING_IN_SOURCE,SOURCE
TX002095,MISSING_IN_SOURCE,SOURCE
TX002104,MISSING_IN_SOURCE,SOURCE
TX002823,MISSING_IN_SOURCE,SOURCE
TX003182,MISSING_IN_SOURCE,SOURCE
TX003202,MISSING_IN_SOURCE,SOURCE
TX003331,MISSING_IN_SOURCE,SOURCE
TX003357,MISSING_IN_SOURCE,SOURCE
TX003445,MISSING_IN_SOURCE,SOURCE
TX003520,MISSING_IN_SOURCE,SOURCE
TX003631,MISSING_IN_SOURCE,SOURCE
TX003683,MISSING_IN_SOURCE,SOURCE
TX003745,MISSING_IN_SOURCE,SOURCE
TX004137,MISSING_IN_SOURCE,SOURCE
TX004165,MISSING_IN_SOURCE,SOURCE
TX004305,MISSING_IN_SOURCE,SOURCE
TX004321,MISSING_IN_SOURCE,SOURCE
TX004405,MISSING_IN_SOURCE,SOURCE
TX004422,MISSING_IN_SOURCE,SOURCE
TX004543,MISSING_IN_SOURCE,SOURCE
TX004588,MISSING_IN_SOURCE,SOURCE
TX004762,MISSING_IN_SOURCE,SOURCE
TX004974,MISSING_IN_SOURCE,SOURCE
TX005033,MISSING_IN_SOURCE,SOURCE
TX005143,MISSING_IN_SOURCE,SOURCE
TX005633,MISSING_IN_SOURCE,SOURCE
TX005658,MISSING_IN_SOURCE,SOURCE
TX005964,MISSING_IN_SOURCE,SOURCE
TX006121,MISSING_IN_SOURCE,SOURCE
TX006188,MISSING_IN_SOURCE,SOURCE
TX006335,MISSING_IN_SOURCE,SOURCE
TX006536,MISSING_IN_SOURCE,SOURCE
TX006649,MISSING_IN_SOURCE,SOURCE
TX006743,MISSING_IN_SOURCE,SOURCE
TX006751,MISSING_IN_SOURCE,SOURCE
TX006810,MISSING_IN_SOURCE,SOURCE
TX006812,MISSING_IN_SOURCE,SOURCE
TX006921,MISSING_IN_SOURCE,SOURCE
TX007567,MISSING_IN_SOURCE,SOURCE
TX007676,MISSING_IN_SOURCE,SOURCE
TX007761,MISSING_IN_SOURCE,SOURCE
TX007773,MISSING_IN_SOURCE,SOURCE
TX007784,MISSING_IN_SOURCE,SOURCE
TX007960,MISSING_IN_SOURCE,SOURCE
TX008125,MISSING_IN_SOURCE,SOURCE
TX008561,MISSING_IN_SOURCE,SOURCE
TX008790,MISSING_IN_SOURCE,SOURCE
TX008932,MISSING_IN_SOURCE,SOURCE
TX008937,MISSING_IN_SOURCE,SOURCE
TX009256,MISSING_IN_SOURCE,SOURCE
TX009406,MISSING_IN_SOURCE,SOURCE
TX009726,MISSING_IN_SOURCE,SOURCE
TX009747,MISSING_IN_SOURCE,SOURCE
TX009795,MISSING_IN_SOURCE,SOURCE
TX010393,MISSING_IN_SOURCE,SOURCE
TX010438,MISSING_IN_SOURCE,SOURCE
TX010555,MISSING_IN_SOURCE,SOURCE
TX010670,MISSING_IN_SOURCE,SOURCE
TX010694,MISSING_IN_SOURCE,SOURCE
TX010700,MISSING_IN_SOURCE,SOURCE
TX010702,MISSING_IN_SOURCE,SOURCE
TX010774,MISSING_IN_SOURCE,SOURCE
TX010784,MISSING_IN_SOURCE,SOURCE
TX010814,MISSING_IN_SOURCE,SOURCE
TX010860,MISSING_IN_SOURCE,SOURCE
TX011033,MISSING_IN_SOURCE,SOURCE
TX011078,MISSING_IN_SOURCE,SOURCE
TX011099,MISSING_IN_SOURCE,SOURCE
TX011216,MISSING_IN_SOURCE,SOURCE
TX011270,MISSING_IN_SOURCE,SOURCE
TX011447,MISSING_IN_SOURCE,SOURCE
TX011633,MISSING_IN_SOURCE,SOURCE
TX012119,MISSING_IN_SOURCE,SOURCE
TX012123,MISSING_IN_SOURCE,SOURCE
TX012349,MISSING_IN_SOURCE,SOURCE
TX012603,MISSING_IN_SOURCE,SOURCE
TX012679,MISSING_IN_SOURCE,SOURCE
TX012730,MISSING_IN_SOURCE,SOURCE
TX012857,MISSING_IN_SOURCE,SOURCE
TX012885,MISSING_IN_SOURCE,SOURCE
TX012990,MISSING_IN_SOURCE,SOURCE
TX013210,MISSING_IN_SOURCE,SOURCE
TX013322,MISSING_IN_SOURCE,SOURCE
TX013337,MISSING_IN_SOURCE,SOURCE
TX013374,MISSING_IN_SOURCE,SOURCE
TX013698,MISSING_IN_SOURCE,SOURCE
TX013771,MISSING_IN_SOURCE,SOURCE
TX013890,MISSING_IN_SOURCE,SOURCE
TX013907,MISSING_IN_SOURCE,SOURCE
TX014160,MISSING_IN_SOURCE,SOURCE
TX014290,MISSING_IN_SOURCE,SOURCE
TX014291,MISSING_IN_SOURCE,SOURCE
TX014382,MISSING_IN_SOURCE,SOURCE
TX014418,MISSING_IN_SOURCE,SOURCE
TX014438,MISSING_IN_SOURCE,SOURCE
TX014504,MISSING_IN_SOURCE,SOURCE
TX014699,MISSING_IN_SOURCE,SOURCE
TX014843,MISSING_IN_SOURCE,SOURCE
TX014932,MISSING_IN_SOURCE,SOURCE
TX015153,MISSING_IN_SOURCE,SOURCE
TX015542,MISSING_IN_SOURCE,SOURCE
TX015620,MISSING_IN_SOURCE,SOURCE
TX015832,MISSING_IN_SOURCE,SOURCE
TX015870,MISSING_IN_SOURCE,SOURCE
TX016051,MISSING_IN_SOURCE,SOURCE
TX016060,MISSING_IN_SOURCE,SOURCE
TX016097,MISSING_IN_SOURCE,SOURCE
TX016342,MISSING_IN_SOURCE,SOURCE
TX016485,MISSING_IN_SOURCE,SOURCE
TX016625,MISSING_IN_SOURCE,SOURCE
TX016760,MISSING_IN_SOURCE,SOURCE
TX016768,MISSING_IN_SOURCE,SOURCE
TX016906,MISSING_IN_SOURCE,SOURCE
TX017012,MISSING_IN_SOURCE,SOURCE
TX017064,MISSING_IN_SOURCE,SOURCE
TX017078,MISSING_IN_SOURCE,SOURCE
TX017177,MISSING_IN_SOURCE,SOURCE
TX017453,MISSING_IN_SOURCE,SOURCE
TX017647,MISSING_IN_SOURCE,SOURCE
TX017855,MISSING_IN_SOURCE,SOURCE
TX018070,MISSING_IN_SOURCE,SOURCE
TX018185,MISSING_IN_SOURCE,SOURCE
TX018306,MISSING_IN_SOURCE,SOURCE
TX018333,MISSING_IN_SOURCE,SOURCE
TX018363,MISSING_IN_SOURCE,SOURCE
TX018452,MISSING_IN_SOURCE,SOURCE
TX018464,MISSING_IN_SOURCE,SOURCE
TX018540,MISSING_IN_SOURCE,SOURCE
TX018942,MISSING_IN_SOURCE,SOURCE
TX019113,MISSING_IN_SOURCE,SOURCE
TX019403,MISSING_IN_SOURCE,SOURCE
TX019983,MISSING_IN_SOURCE,SOURCE
TX020018,MISSING_IN_SOURCE,SOURCE
TX020157,MISSING_IN_SOURCE,SOURCE
TX020323,MISSING_IN_SOURCE,SOURCE
TX020405,MISSING_IN_SOURCE,SOURCE
TX020671,MISSING_IN_SOURCE,SOURCE
TX020954,MISSING_IN_SOURCE,SOURCE
TX021028,MISSING_IN_SOURCE,SOURCE
TX021605,MISSING_IN_SOURCE,SOURCE
TX021651,MISSING_IN_SOURCE,SOURCE
TX022216,MISSING_IN_SOURCE,SOURCE
TX022412,MISSING_IN_SOURCE,SOURCE
TX022731,MISSING_IN_SOURCE,SOURCE
TX022790,MISSING_IN_SOURCE,SOURCE
TX022799,MISSING_IN_SOURCE,SOURCE
TX023006,MISSING_IN_SOURCE,SOURCE
TX023042,MISSING_IN_SOURCE,SOURCE
TX023067,MISSING_IN_SOURCE,SOURCE
TX023130,MISSING_IN_SOURCE,SOURCE
TX023156,MISSING_IN_SOURCE,SOURCE
TX023244,MISSING_IN_SOURCE,SOURCE
TX023277,MISSING_IN_SOURCE,SOURCE
TX023278,MISSING_IN_SOURCE,SOURCE
TX023324,MISSING_IN_SOURCE,SOURCE
TX023325,MISSING_IN_SOURCE,SOURCE
TX023377,MISSING_IN_SOURCE,SOURCE
TX023392,MISSING_IN_SOURCE,SOURCE
TX023469,MISSING_IN_SOURCE,SOURCE
TX023495,MISSING_IN_SOURCE,SOURCE
TX023531,MISSING_IN_SOURCE,SOURCE
TX023808,MISSING_IN_SOURCE,SOURCE
TX023844,MISSING_IN_SOURCE,SOURCE
TX024019,MISSING_IN_SOURCE,SOURCE
TX024054,MISSING_IN_SOURCE,SOURCE
TX024410,MISSING_IN_SOURCE,SOURCE
TX024770,MISSING_IN_SOURCE,SOURCE
TX025008,MISSING_IN_SOURCE,SOURCE
TX025096,MISSING_IN_SOURCE,SOURCE
TX025110,MISSING_IN_SOURCE,SOURCE
TX025117,MISSING_IN_SOURCE,SOURCE
TX025556,MISSING_IN_SOURCE,SOURCE
TX025633,MISSING_IN_SOURCE,SOURCE
TX025740,MISSING_IN_SOURCE,SOURCE
TX025752,MISSING_IN_SOURCE,SOURCE
TX025767,MISSING_IN_SOURCE,SOURCE
TX025793,MISSING_IN_SOURCE,SOURCE
TX026257,MISSING_IN_SOURCE,SOURCE
TX026348,MISSING_IN_SOURCE,SOURCE
TX026464,MISSING_IN_SOURCE,SOURCE
TX026523,MISSING_IN_SOURCE,SOURCE
TX026665,MISSING_IN_SOURCE,SOURCE
TX026781,MISSING_IN_SOURCE,SOURCE
TX026806,MISSING_IN_SOURCE,SOURCE
TX026835,MISSING_IN_SOURCE,SOURCE
TX027050,MISSING_IN_SOURCE,SOURCE
TX027194,MISSING_IN_SOURCE,SOURCE
TX027276,MISSING_IN_SOURCE,SOURCE
TX027292,MISSING_IN_SOURCE,SOURCE
TX027399,MISSING_IN_SOURCE,SOURCE
TX027427,MISSING_IN_SOURCE,SOURCE
TX027951,MISSING_IN_SOURCE,SOURCE
TX028002,MISSING_IN_SOURCE,SOURCE
TX028029,MISSING_IN_SOURCE,SOURCE
TX028075,MISSING_IN_SOURCE,SOURCE
TX028157,MISSING_IN_SOURCE,SOURCE
TX028240,MISSING_IN_SOURCE,SOURCE
TX028261,MISSING_IN_SOURCE,SOURCE
TX028397,MISSING_IN_SOURCE,SOURCE
TX028443,MISSING_IN_SOURCE,SOURCE
TX028680,MISSING_IN_SOURCE,SOURCE
TX028765,MISSING_IN_SOURCE,SOURCE
TX029376,MISSING_IN_SOURCE,SOURCE
TX029388,MISSING_IN_SOURCE,SOURCE
TX029403,MISSING_IN_SOURCE,SOURCE
TX029581,MISSING_IN_SOURCE,SOURCE
TX029794,MISSING_IN_SOURCE,SOURCE
TX029821,MISSING_IN_SOURCE,SOURCE
TX029952,MISSING_IN_SOURCE,SOURCE
TX030133,MISSING_IN_SOURCE,SOURCE
TX030243,MISSING_IN_SOURCE,SOURCE
TX030365,MISSING_IN_SOURCE,SOURCE
TX030482,MISSING_IN_SOURCE,SOURCE
TX030878,MISSING_IN_SOURCE,SOURCE
TX030924,MISSING_IN_SOURCE,SOURCE
TX031046,MISSING_IN_SOURCE,SOURCE
TX031227,MISSING_IN_SOURCE,SOURCE
TX031308,MISSING_IN_SOURCE,SOURCE
TX031318,MISSING_IN_SOURCE,SOURCE
TX031326,MISSING_IN_SOURCE,SOURCE
TX031664,MISSING_IN_SOURCE,SOURCE
TX031741,MISSING_IN_SOURCE,SOURCE
TX031774,MISSING_IN_SOURCE,SOURCE
TX031821,MISSING_IN_SOURCE,SOURCE
TX031892,MISSING_IN_SOURCE,SOURCE
TX031938,MISSING_IN_SOURCE,SOURCE
TX032195,MISSING_IN_SOURCE,SOURCE
TX032447,MISSING_IN_SOURCE,SOURCE
TX032565,MISSING_IN_SOURCE,SOURCE
TX033182,MISSING_IN_SOURCE,SOURCE
TX033250,MISSING_IN_SOURCE,SOURCE
TX033420,MISSING_IN_SOURCE,SOURCE
TX033699,MISSING_IN_SOURCE,SOURCE
TX033962,MISSING_IN_SOURCE,SOURCE
TX034244,MISSING_IN_SOURCE,SOURCE
TX034643,MISSING_IN_SOURCE,SOURCE
TX034646,MISSING_IN_SOURCE,SOURCE
TX034901,MISSING_IN_SOURCE,SOURCE
TX034918,MISSING_IN_SOURCE,SOURCE
TX035187,MISSING_IN_SOURCE,SOURCE
TX035601,MISSING_IN_SOURCE,SOURCE
TX035679,MISSING_IN_SOURCE,SOURCE
TX035798,MISSING_IN_SOURCE,SOURCE
TX035805,MISSING_IN_SOURCE,SOURCE
TX035879,MISSING_IN_SOURCE,SOURCE
TX036010,MISSING_IN_SOURCE,SOURCE
TX036178,MISSING_IN_SOURCE,SOURCE
TX036235,MISSING_IN_SOURCE,SOURCE
TX036380,MISSING_IN_SOURCE,SOURCE
TX036498,MISSING_IN_SOURCE,SOURCE
TX036551,MISSING_IN_SOURCE,SOURCE
TX036694,MISSING_IN_SOURCE,SOURCE
TX036765,MISSING_IN_SOURCE,SOURCE
TX036989,MISSING_IN_SOURCE,SOURCE
TX037133,MISSING_IN_SOURCE,SOURCE
TX037166,MISSING_IN_SOURCE,SOURCE
TX037216,MISSING_IN_SOURCE,SOURCE
TX037331,MISSING_IN_SOURCE,SOURCE
TX037393,MISSING_IN_SOURCE,SOURCE
TX037423,MISSING_IN_SOURCE,SOURCE
TX037989,MISSING_IN_SOURCE,SOURCE
TX038285,MISSING_IN_SOURCE,SOURCE
TX038366,MISSING_IN_SOURCE,SOURCE
TX038459,MISSING_IN_SOURCE,SOURCE
TX038689,MISSING_IN_SOURCE,SOURCE
TX038783,MISSING_IN_SOURCE,SOURCE
TX039052,MISSING_IN_SOURCE,SOURCE
TX039295,MISSING_IN_SOURCE,SOURCE
TX039591,MISSING_IN_SOURCE,SOURCE
TX039746,MISSING_IN_SOURCE,SOURCE
TX039876,MISSING_IN_SOURCE,SOURCE
TX040039,MISSING_IN_SOURCE,SOURCE
TX040644,MISSING_IN_SOURCE,SOURCE
TX040971,MISSING_IN_SOURCE,SOURCE
TX041007,MISSING_IN_SOURCE,SOURCE
TX041055,MISSING_IN_SOURCE,SOURCE
TX041253,MISSING_IN_SOURCE,SOURCE
TX041373,MISSING_IN_SOURCE,SOURCE
TX041620,MISSING_IN_SOURCE,SOURCE
TX041641,MISSING_IN_SOURCE,SOURCE
TX041682,MISSING_IN_SOURCE,SOURCE
TX041693,MISSING_IN_SOURCE,SOURCE
TX041694,MISSING_IN_SOURCE,SOURCE
TX041716,MISSING_IN_SOURCE,SOURCE
TX041719,MISSING_IN_SOURCE,SOURCE
TX041955,MISSING_IN_SOURCE,SOURCE
TX041962,MISSING_IN_SOURCE,SOURCE
TX042063,MISSING_IN_SOURCE,SOURCE
TX042079,MISSING_IN_SOURCE,SOURCE
TX042193,MISSING_IN_SOURCE,SOURCE
TX042481,MISSING_IN_SOURCE,SOURCE
TX042544,MISSING_IN_SOURCE,SOURCE
TX042943,MISSING_IN_SOURCE,SOURCE
TX042995,MISSING_IN_SOURCE,SOURCE
TX043214,MISSING_IN_SOURCE,SOURCE
TX043347,MISSING_IN_SOURCE,SOURCE
TX043370,MISSING_IN_SOURCE,SOURCE
TX043432,MISSING_IN_SOURCE,SOURCE
TX043463,MISSING_IN_SOURCE,SOURCE
TX043606,MISSING_IN_SOURCE,SOURCE
TX043643,MISSING_IN_SOURCE,SOURCE
TX043652,MISSING_IN_SOURCE,SOURCE
TX043795,MISSING_IN_SOURCE,SOURCE
TX043914,MISSING_IN_SOURCE,SOURCE
TX044060,MISSING_IN_SOURCE,SOURCE
TX044102,MISSING_IN_SOURCE,SOURCE
TX044158,MISSING_IN_SOURCE,SOURCE
TX044296,MISSING_IN_SOURCE,SOURCE
TX045033,MISSING_IN_SOURCE,SOURCE
TX045100,MISSING_IN_SOURCE,SOURCE
TX045186,MISSING_IN_SOURCE,SOURCE
TX045205,MISSING_IN_SOURCE,SOURCE
TX045242,MISSING_IN_SOURCE,SOURCE
TX045537,MISSING_IN_SOURCE,SOURCE
TX045569,MISSING_IN_SOURCE,SOURCE
TX045731,MISSING_IN_SOURCE,SOURCE
TX045732,MISSING_IN_SOURCE,SOURCE
TX045964,MISSING_IN_SOURCE,SOURCE
TX046286,MISSING_IN_SOURCE,SOURCE
TX046835,MISSING_IN_SOURCE,SOURCE
TX047005,MISSING_IN_SOURCE,SOURCE
TX047224,MISSING_IN_SOURCE,SOURCE
TX047409,MISSING_IN_SOURCE,SOURCE
TX047713,MISSING_IN_SOURCE,SOURCE
TX048020,MISSING_IN_SOURCE,SOURCE
TX048392,MISSING_IN_SOURCE,SOURCE
TX048575,MISSING_IN_SOURCE,SOURCE
TX048652,MISSING_IN_SOURCE,SOURCE
TX048730,MISSING_IN_SOURCE,SOURCE
TX049035,MISSING_IN_SOURCE,SOURCE
TX049201,MISSING_IN_SOURCE,SOURCE
TX049215,MISSING_IN_SOURCE,SOURCE
TX049265,MISSING_IN_SOURCE,SOURCE
TX049330,MISSING_IN_SOURCE,SOURCE
TX049526,MISSING_IN_SOURCE,SOURCE
TX049643,MISSING_IN_SOURCE,SOURCE
TX049742,MISSING_IN_SOURCE,SOURCE
TX049862,MISSING_IN_SOURCE,SOURCE
TX000088,PERIOD_MISMATCH,ACCOUNTING
TX000650,PERIOD_MISMATCH,ACCOUNTING
TX000824,PERIOD_MISMATCH,ACCOUNTING
TX000910,PERIOD_MISMATCH,ACCOUNTING
TX000948,PERIOD_MISMATCH,ACCOUNTING
TX001085,PERIOD_MISMATCH,ACCOUNTING
TX001761,PERIOD_MISMATCH,ACCOUNTING
TX001993,PERIOD_MISMATCH,ACCOUNTING
TX002713,PERIOD_MISMATCH,ACCOUNTING
TX002879,PERIOD_MISMATCH,ACCOUNTING
TX002901,PERIOD_MISMATCH,ACCOUNTING
TX003157,PERIOD_MISMATCH,ACCOUNTING
TX003453,PERIOD_MISMATCH,ACCOUNTING
TX003565,PERIOD_MISMATCH,ACCOUNTING
TX004083,PERIOD_MISMATCH,ACCOUNTING
TX004293,PERIOD_MISMATCH,ACCOUNTING
TX004317,PERIOD_MISMATCH,ACCOUNTING
TX004517,PERIOD_MISMATCH,ACCOUNTING
TX004523,PERIOD_MISMATCH,ACCOUNTING
TX004918,PERIOD_MISMATCH,ACCOUNTING
TX005184,PERIOD_MISMATCH,ACCOUNTING
TX005306,PERIOD_MISMATCH,ACCOUNTING
TX005711,PERIOD_MISMATCH,ACCOUNTING
TX005721,PERIOD_MISMATCH,ACCOUNTING
TX006103,PERIOD_MISMATCH,ACCOUNTING
TX006391,PERIOD_MISMATCH,ACCOUNTING
TX006517,PERIOD_MISMATCH,ACCOUNTING
TX006744,PERIOD_MISMATCH,ACCOUNTING
TX007137,PERIOD_MISMATCH,ACCOUNTING
TX007441,PERIOD_MISMATCH,ACCOUNTING
TX007593,PERIOD_MISMATCH,ACCOUNTING
TX007660,PERIOD_MISMATCH,ACCOUNTING
TX007662,PERIOD_MISMATCH,ACCOUNTING
TX008123,PERIOD_MISMATCH,ACCOUNTING
TX008431,PERIOD_MISMATCH,ACCOUNTING
TX008699,PERIOD_MISMATCH,ACCOUNTING
TX008802,PERIOD_MISMATCH,ACCOUNTING
TX009974,PERIOD_MISMATCH,ACCOUNTING
TX009998,PERIOD_MISMATCH,ACCOUNTING
TX010576,PERIOD_MISMATCH,ACCOUNTING
TX010723,PERIOD_MISMATCH,ACCOUNTING
TX010846,PERIOD_MISMATCH,ACCOUNTING
TX010952,PERIOD_MISMATCH,ACCOUNTING
TX011223,PERIOD_MISMATCH,ACCOUNTING
TX012406,PERIOD_MISMATCH,ACCOUNTING
TX012778,PERIOD_MISMATCH,ACCOUNTING
TX012867,PERIOD_MISMATCH,ACCOUNTING
TX012945,PERIOD_MISMATCH,ACCOUNTING
TX013114,PERIOD_MISMATCH,ACCOUNTING
TX013452,PERIOD_MISMATCH,ACCOUNTING
TX013514,PERIOD_MISMATCH,ACCOUNTING
TX013729,PERIOD_MISMATCH,ACCOUNTING
TX014037,PERIOD_MISMATCH,ACCOUNTING
TX014157,PERIOD_MISMATCH,ACCOUNTING
TX014184,PERIOD_MISMATCH,ACCOUNTING
TX014422,PERIOD_MISMATCH,ACCOUNTING
TX014482,PERIOD_MISMATCH,ACCOUNTING
TX014631,PERIOD_MISMATCH,ACCOUNTING
TX015185,PERIOD_MISMATCH,ACCOUNTING
TX015565,PERIOD_MISMATCH,ACCOUNTING
TX015897,PERIOD_MISMATCH,ACCOUNTING
TX015915,PERIOD_MISMATCH,ACCOUNTING
TX015983,PERIOD_MISMATCH,ACCOUNTING
TX016017,PERIOD_MISMATCH,ACCOUNTING
TX016430,PERIOD_MISMATCH,ACCOUNTING
TX016483,PERIOD_MISMATCH,ACCOUNTING
TX017316,PERIOD_MISMATCH,ACCOUNTING
TX017320,PERIOD_MISMATCH,ACCOUNTING
TX017701,PERIOD_MISMATCH,ACCOUNTING
TX017932,PERIOD_MISMATCH,ACCOUNTING
TX018078,PERIOD_MISMATCH,ACCOUNTING
TX018361,PERIOD_MISMATCH,ACCOUNTING
TX018421,PERIOD_MISMATCH,ACCOUNTING
TX018637,PERIOD_MISMATCH,ACCOUNTING
TX019154,PERIOD_MISMATCH,ACCOUNTING
TX019170,PERIOD_MISMATCH,ACCOUNTING
TX019431,PERIOD_MISMATCH,ACCOUNTING
TX019550,PERIOD_MISMATCH,ACCOUNTING
TX019829,PERIOD_MISMATCH,ACCOUNTING
TX020061,PERIOD_MISMATCH,ACCOUNTING
TX020225,PERIOD_MISMATCH,ACCOUNTING
TX020268,PERIOD_MISMATCH,ACCOUNTING
TX020297,PERIOD_MISMATCH,ACCOUNTING
TX020561,PERIOD_MISMATCH,ACCOUNTING
TX020656,PERIOD_MISMATCH,ACCOUNTING
TX020683,PERIOD_MISMATCH,ACCOUNTING
TX021050,PERIOD_MISMATCH,ACCOUNTING
TX021284,PERIOD_MISMATCH,ACCOUNTING
TX021429,PERIOD_MISMATCH,ACCOUNTING
TX021480,PERIOD_MISMATCH,ACCOUNTING
TX021566,PERIOD_MISMATCH,ACCOUNTING
TX021870,PERIOD_MISMATCH,ACCOUNTING
TX022109,PERIOD_MISMATCH,ACCOUNTING
TX022273,PERIOD_MISMATCH,ACCOUNTING
TX022989,PERIOD_MISMATCH,ACCOUNTING
TX023023,PERIOD_MISMATCH,ACCOUNTING
TX023326,PERIOD_MISMATCH,ACCOUNTING
TX023989,PERIOD_MISMATCH,ACCOUNTING
TX024247,PERIOD_MISMATCH,ACCOUNTING
TX024664,PERIOD_MISMATCH,ACCOUNTING
TX024751,PERIOD_MISMATCH,ACCOUNTING
TX024953,PERIOD_MISMATCH,ACCOUNTING
TX025012,PERIOD_MISMATCH,ACCOUNTING
TX025422,PERIOD_MISMATCH,ACCOUNTING
TX025473,PERIOD_MISMATCH,ACCOUNTING
TX025527,PERIOD_MISMATCH,ACCOUNTING
TX025850,PERIOD_MISMATCH,ACCOUNTING
TX026107,PERIOD_MISMATCH,ACCOUNTING
TX026742,PERIOD_MISMATCH,ACCOUNTING
TX026918,PERIOD_MISMATCH,ACCOUNTING
TX026999,PERIOD_MISMATCH,ACCOUNTING
TX027494,PERIOD_MISMATCH,ACCOUNTING
TX027633,PERIOD_MISMATCH,ACCOUNTING
TX027683,PERIOD_MISMATCH,ACCOUNTING
TX027783,PERIOD_MISMATCH,ACCOUNTING
TX027785,PERIOD_MISMATCH,ACCOUNTING
TX027869,PERIOD_MISMATCH,ACCOUNTING
TX027942,PERIOD_MISMATCH,ACCOUNTING
TX028190,PERIOD_MISMATCH,ACCOUNTING
TX028255,PERIOD_MISMATCH,ACCOUNTING
TX028498,PERIOD_MISMATCH,ACCOUNTING
TX028789,PERIOD_MISMATCH,ACCOUNTING
TX028885,PERIOD_MISMATCH,ACCOUNTING
TX029117,PERIOD_MISMATCH,ACCOUNTING
TX029716,PERIOD_MISMATCH,ACCOUNTING
TX029911,PERIOD_MISMATCH,ACCOUNTING
TX030955,PERIOD_MISMATCH,ACCOUNTING
TX031173,PERIOD_MISMATCH,ACCOUNTING
TX031428,PERIOD_MISMATCH,ACCOUNTING
TX031501,PERIOD_MISMATCH,ACCOUNTING
TX031853,PERIOD_MISMATCH,ACCOUNTING
TX031877,PERIOD_MISMATCH,ACCOUNTING
TX032665,PERIOD_MISMATCH,ACCOUNTING
TX033555,PERIOD_MISMATCH,ACCOUNTING
TX033827,PERIOD_MISMATCH,ACCOUNTING
TX034133,PERIOD_MISMATCH,ACCOUNTING
TX034343,PERIOD_MISMATCH,ACCOUNTING
TX034483,PERIOD_MISMATCH,ACCOUNTING
TX034771,PERIOD_MISMATCH,ACCOUNTING
TX034958,PERIOD_MISMATCH,ACCOUNTING
TX034997,PERIOD_MISMATCH,ACCOUNTING
TX035119,PERIOD_MISMATCH,ACCOUNTING
TX035423,PERIOD_MISMATCH,ACCOUNTING
TX035813,PERIOD_MISMATCH,ACCOUNTING
TX035991,PERIOD_MISMATCH,ACCOUNTING
TX036115,PERIOD_MISMATCH,ACCOUNTING
TX036636,PERIOD_MISMATCH,ACCOUNTING
TX037229,PERIOD_MISMATCH,ACCOUNTING
TX037336,PERIOD_MISMATCH,ACCOUNTING
TX037353,PERIOD_MISMATCH,ACCOUNTING
TX037442,PERIOD_MISMATCH,ACCOUNTING
TX038269,PERIOD_MISMATCH,ACCOUNTING
TX038556,PERIOD_MISMATCH,ACCOUNTING
TX039219,PERIOD_MISMATCH,ACCOUNTING
TX039504,PERIOD_MISMATCH,ACCOUNTING
TX039642,PERIOD_MISMATCH,ACCOUNTING
TX039899,PERIOD_MISMATCH,ACCOUNTING
TX040211,PERIOD_MISMATCH,ACCOUNTING
TX040846,PERIOD_MISMATCH,ACCOUNTING
TX041046,PERIOD_MISMATCH,ACCOUNTING
TX041350,PERIOD_MISMATCH,ACCOUNTING
TX041358,PERIOD_MISMATCH,ACCOUNTING
TX041551,PERIOD_MISMATCH,ACCOUNTING
TX041657,PERIOD_MISMATCH,ACCOUNTING
TX041919,PERIOD_MISMATCH,ACCOUNTING
TX042666,PERIOD_MISMATCH,ACCOUNTING
TX042842,PERIOD_MISMATCH,ACCOUNTING
TX042882,PERIOD_MISMATCH,ACCOUNTING
TX043339,PERIOD_MISMATCH,ACCOUNTING
TX043646,PERIOD_MISMATCH,ACCOUNTING
TX043765,PERIOD_MISMATCH,ACCOUNTING
TX043781,PERIOD_MISMATCH,ACCOUNTING
TX043839,PERIOD_MISMATCH,ACCOUNTING
TX043892,PERIOD_MISMATCH,ACCOUNTING
TX043898,PERIOD_MISMATCH,ACCOUNTING
TX044043,PERIOD_MISMATCH,ACCOUNTING
TX044175,PERIOD_MISMATCH,ACCOUNTING
TX044215,PERIOD_MISMATCH,ACCOUNTING
TX044426,PERIOD_MISMATCH,ACCOUNTING
TX044449,PERIOD_MISMATCH,ACCOUNTING
TX045245,PERIOD_MISMATCH,ACCOUNTING
TX045536,PERIOD_MISMATCH,ACCOUNTING
TX045837,PERIOD_MISMATCH,ACCOUNTING
TX046501,PERIOD_MISMATCH,ACCOUNTING
TX046631,PERIOD_MISMATCH,ACCOUNTING
TX046766,PERIOD_MISMATCH,ACCOUNTING
TX047312,PERIOD_MISMATCH,ACCOUNTING
TX047333,PERIOD_MISMATCH,ACCOUNTING
TX047552,PERIOD_MISMATCH,ACCOUNTING
TX047856,PERIOD_MISMATCH,ACCOUNTING
TX048059,PERIOD_MISMATCH,ACCOUNTING
TX048256,PERIOD_MISMATCH,ACCOUNTING
TX048270,PERIOD_MISMATCH,ACCOUNTING
TX048398,PERIOD_MISMATCH,ACCOUNTING
TX049132,PERIOD_MISMATCH,ACCOUNTING
TX049180,PERIOD_MISMATCH,ACCOUNTING
TX049189,PERIOD_MISMATCH,ACCOUNTING
TX049243,PERIOD_MISMATCH,ACCOUNTING
TX049474,PERIOD_MISMATCH,ACCOUNTING
TX049764,PERIOD_MISMATCH,ACCOUNTING
TX003693,REPROCESSED_TRANSACTION,ACCOUNTING
TX004675,REPROCESSED_TRANSACTION,ACCOUNTING
TX004953,REPROCESSED_TRANSACTION,ACCOUNTING
TX005235,REPROCESSED_TRANSACTION,ACCOUNTING
TX005354,REPROCESSED_TRANSACTION,ACCOUNTING
TX006226,REPROCESSED_TRANSACTION,ACCOUNTING
TX006707,REPROCESSED_TRANSACTION,ACCOUNTING
TX007494,REPROCESSED_TRANSACTION,ACCOUNTING
TX007515,REPROCESSED_TRANSACTION,ACCOUNTING
TX007736,REPROCESSED_TRANSACTION,ACCOUNTING
TX007890,REPROCESSED_TRANSACTION,ACCOUNTING
TX007980,REPROCESSED_TRANSACTION,ACCOUNTING
TX008355,REPROCESSED_TRANSACTION,ACCOUNTING
TX010440,REPROCESSED_TRANSACTION,ACCOUNTING
TX010497,REPROCESSED_TRANSACTION,ACCOUNTING
TX011752,REPROCESSED_TRANSACTION,ACCOUNTING
TX013213,REPROCESSED_TRANSACTION,ACCOUNTING
TX013644,REPROCESSED_TRANSACTION,ACCOUNTING
TX013863,REPROCESSED_TRANSACTION,ACCOUNTING
TX013884,REPROCESSED_TRANSACTION,ACCOUNTING
TX013968,REPROCESSED_TRANSACTION,ACCOUNTING
TX014214,REPROCESSED_TRANSACTION,ACCOUNTING
TX014354,REPROCESSED_TRANSACTION,ACCOUNTING
TX014878,REPROCESSED_TRANSACTION,ACCOUNTING
TX015172,REPROCESSED_TRANSACTION,ACCOUNTING
TX016257,REPROCESSED_TRANSACTION,ACCOUNTING
TX016293,REPROCESSED_TRANSACTION,ACCOUNTING
TX016314,REPROCESSED_TRANSACTION,ACCOUNTING
TX016419,REPROCESSED_TRANSACTION,ACCOUNTING
TX017057,REPROCESSED_TRANSACTION,ACCOUNTING
TX017106,REPROCESSED_TRANSACTION,ACCOUNTING
TX017176,REPROCESSED_TRANSACTION,ACCOUNTING
TX018586,REPROCESSED_TRANSACTION,ACCOUNTING
TX018736,REPROCESSED_TRANSACTION,ACCOUNTING
TX018950,REPROCESSED_TRANSACTION,ACCOUNTING
TX020506,REPROCESSED_TRANSACTION,ACCOUNTING
TX020610,REPROCESSED_TRANSACTION,ACCOUNTING
TX021667,REPROCESSED_TRANSACTION,ACCOUNTING
TX022685,REPROCESSED_TRANSACTION,ACCOUNTING
TX023143,REPROCESSED_TRANSACTION,ACCOUNTING
TX023481,REPROCESSED_TRANSACTION,ACCOUNTING
TX024375,REPROCESSED_TRANSACTION,ACCOUNTING
TX024911,REPROCESSED_TRANSACTION,ACCOUNTING
TX025333,REPROCESSED_TRANSACTION,ACCOUNTING
TX025682,REPROCESSED_TRANSACTION,ACCOUNTING
TX026088,REPROCESSED_TRANSACTION,ACCOUNTING
TX026250,REPROCESSED_TRANSACTION,ACCOUNTING
TX026697,REPROCESSED_TRANSACTION,ACCOUNTING
TX027069,REPROCESSED_TRANSACTION,ACCOUNTING
TX027170,REPROCESSED_TRANSACTION,ACCOUNTING
TX027183,REPROCESSED_TRANSACTION,ACCOUNTING
TX027229,REPROCESSED_TRANSACTION,ACCOUNTING
TX027277,REPROCESSED_TRANSACTION,ACCOUNTING
TX027328,REPROCESSED_TRANSACTION,ACCOUNTING
TX027419,REPROCESSED_TRANSACTION,ACCOUNTING
TX027439,REPROCESSED_TRANSACTION,ACCOUNTING
TX027982,REPROCESSED_TRANSACTION,ACCOUNTING
TX028096,REPROCESSED_TRANSACTION,ACCOUNTING
TX028385,REPROCESSED_TRANSACTION,ACCOUNTING
TX028501,REPROCESSED_TRANSACTION,ACCOUNTING
TX028619,REPROCESSED_TRANSACTION,ACCOUNTING
TX030173,REPROCESSED_TRANSACTION,ACCOUNTING
TX030231,REPROCESSED_TRANSACTION,ACCOUNTING
TX030879,REPROCESSED_TRANSACTION,ACCOUNTING
TX031825,REPROCESSED_TRANSACTION,ACCOUNTING
TX032446,REPROCESSED_TRANSACTION,ACCOUNTING
TX032994,REPROCESSED_TRANSACTION,ACCOUNTING
TX033044,REPROCESSED_TRANSACTION,ACCOUNTING
TX034868,REPROCESSED_TRANSACTION,ACCOUNTING
TX035065,REPROCESSED_TRANSACTION,ACCOUNTING
TX036939,REPROCESSED_TRANSACTION,ACCOUNTING
TX037601,REPROCESSED_TRANSACTION,ACCOUNTING
TX038087,REPROCESSED_TRANSACTION,ACCOUNTING
TX039416,REPROCESSED_TRANSACTION,ACCOUNTING
TX039711,REPROCESSED_TRANSACTION,ACCOUNTING
TX039714,REPROCESSED_TRANSACTION,ACCOUNTING
TX039765,REPROCESSED_TRANSACTION,ACCOUNTING
TX039914,REPROCESSED_TRANSACTION,ACCOUNTING
TX041328,REPROCESSED_TRANSACTION,ACCOUNTING
TX041604,REPROCESSED_TRANSACTION,ACCOUNTING
TX041705,REPROCESSED_TRANSACTION,ACCOUNTING
TX041727,REPROCESSED_TRANSACTION,ACCOUNTING
TX041835,REPROCESSED_TRANSACTION,ACCOUNTING
TX042742,REPROCESSED_TRANSACTION,ACCOUNTING
TX043123,REPROCESSED_TRANSACTION,ACCOUNTING
TX043794,REPROCESSED_TRANSACTION,ACCOUNTING
TX044630,REPROCESSED_TRANSACTION,ACCOUNTING
TX044695,REPROCESSED_TRANSACTION,ACCOUNTING
TX045302,REPROCESSED_TRANSACTION,ACCOUNTING
TX045587,REPROCESSED_TRANSACTION,ACCOUNTING
TX045748,REPROCESSED_TRANSACTION,ACCOUNTING
TX046259,REPROCESSED_TRANSACTION,ACCOUNTING
TX046260,REPROCESSED_TRANSACTION,ACCOUNTING
TX047370,REPROCESSED_TRANSACTION,ACCOUNTING
TX047926,REPROCESSED_TRANSACTION,ACCOUNTING
TX048592,REPROCESSED_TRANSACTION,ACCOUNTING
TX048891,REPROCESSED_TRANSACTION,ACCOUNTING
TX049493,REPROCESSED_TRANSACTION,ACCOUNTING
TX049714,REPROCESSED_TRANSACTION,ACCOUNTING
TX049837,REPROCESSED_TRANSACTION,ACCOUNTING
